Číslo formy,Název výroby,Zákazník,Pozice,Stav,Původní pozice,Návodka (URL),Fotografie formy,Smazáno
1000,null,Witte,36C c.,null,,"[{""url"" : ""https://qjoovhagucdcaebgdmbx.supabase.co/storage/v1/object/public/mold-photos/navodky/1000_01000_Washer_Front_L_R.pdf"", ""title"" : ""Návodka""}]",null,false
1001,null,Others,51E z.,null,null,"[{""url"" : ""https://qjoovhagucdcaebgdmbx.supabase.co/storage/v1/object/public/mold-photos/navodky/1001_01001_Unterschale_Lenkstockverkleidung.pdf"", ""title"" : ""Návodka""}]",null,false
1002,null,Witte,48B c.,null,null,"[{""url"" : ""https://qjoovhagucdcaebgdmbx.supabase.co/storage/v1/object/public/mold-photos/navodky/1002_01002_Prallplatte.pdf"", ""title"" : ""Návodka""}]",null,false
1003,null,Others,49E b.,null,null,"[{""url"" : ""https://qjoovhagucdcaebgdmbx.supabase.co/storage/v1/object/public/mold-photos/navodky/1003_01003_Aufnahme_Start_Stop.pdf"", ""title"" : ""Návodka""}]",null,false
1004,null,Others,49E b.,null,null,"[{""url"" : ""https://qjoovhagucdcaebgdmbx.supabase.co/storage/v1/object/public/mold-photos/navodky/1004_01004_Aufnahme_UIF_Senzor.pdf"", ""title"" : ""Návodka""}]",null,false
1005,null,Others,51D z.,null,null,"[{""url"" : ""https://qjoovhagucdcaebgdmbx.supabase.co/storage/v1/object/public/mold-photos/navodky/1005_01005_Oberschale_Lenkstockverkleidung.pdf"", ""title"" : ""Návodka""}]",null,false
1006,null,Škoda,48A h.,null,null,"[{""url"" : ""https://qjoovhagucdcaebgdmbx.supabase.co/storage/v1/object/public/mold-photos/navodky/1006_01006_Clip.pdf"", ""title"" : ""Návodka""}]",null,false
1007,null,Witte,43D z.,null,null,null,null,false
1008,null,Witte,43D z.,null,null,"[{""url"" : ""https://qjoovhagucdcaebgdmbx.supabase.co/storage/v1/object/public/mold-photos/navodky/1008_01008_Matte_RL.pdf"", ""title"" : ""Návodka""}]",null,false
1009,null,Witte,43D z.,null,null,null,null,false
1010,null,Witte,43D z.,null,null,null,null,false
1011,null,Others,45E m.,null,null,"[{""url"" : ""https://qjoovhagucdcaebgdmbx.supabase.co/storage/v1/object/public/mold-photos/navodky/1011_01011_Panel_f._Screw.pdf"", ""title"" : ""Návodka""}]",null,false
1012,null,Witte,36A m.,null,null,"[{""url"" : ""https://qjoovhagucdcaebgdmbx.supabase.co/storage/v1/object/public/mold-photos/navodky/1012_01012_Cover.pdf"", ""title"" : ""Návodka""}]",null,false
1013,null,Witte,36A m.,null,null,"[{""url"" : ""https://qjoovhagucdcaebgdmbx.supabase.co/storage/v1/object/public/mold-photos/navodky/1013_01013_Cover_Striker.pdf"", ""title"" : ""Návodka""}]",null,false
1014,null,Witte,36B m.,null,null,"[{""url"" : ""https://qjoovhagucdcaebgdmbx.supabase.co/storage/v1/object/public/mold-photos/navodky/1014_01014_Sperrklinke_GOB.pdf"", ""title"" : ""Návodka""}]",null,false
1015,null,Witte,36B m.,null,null,null,null,false
1016,null,Witte,36B m.,null,null,null,null,false
1017,null,Škoda,51B c.,,null,null,null,false
1018,null,Witte,51B c.,null,null,null,null,false
1019,null,Witte,Mezisklad,null,null,"[{""url"" : ""https://qjoovhagucdcaebgdmbx.supabase.co/storage/v1/object/public/mold-photos/navodky/1019_01019_Luftverteiler_Frontscheibe.pdf"", ""title"" : ""Návodka""}]",null,false
1020,null,Witte,49E h.,null,null,"[{""url"" : ""https://qjoovhagucdcaebgdmbx.supabase.co/storage/v1/object/public/mold-photos/navodky/1020_01020_Aufnahmeteil_Crashclip_Li.pdf"", ""title"" : ""Návodka""}]",null,false
1021,null,Witte,49E c.,null,null,"[{""url"" : ""https://qjoovhagucdcaebgdmbx.supabase.co/storage/v1/object/public/mold-photos/navodky/1021_01021_Aufnahmeteil_Crashclip_Re.pdf"", ""title"" : ""Návodka""}]",null,false
1022,null,Witte,47G c.,null,null,"[{""url"" : ""https://qjoovhagucdcaebgdmbx.supabase.co/storage/v1/object/public/mold-photos/navodky/1022_01022_Aufnahmeteil_Befestigungsclip_Li.pdf"", ""title"" : ""Návodka""}]",null,false
1023,null,Witte,47G c.,null,null,"[{""url"" : ""https://qjoovhagucdcaebgdmbx.supabase.co/storage/v1/object/public/mold-photos/navodky/1023_01023_Aufnahmeteil_Befestigungsclip_Re.pdf"", ""title"" : ""Návodka""}]",null,false
1024,null,Witte,43D z.,null,null,"[{""url"" : ""https://qjoovhagucdcaebgdmbx.supabase.co/storage/v1/object/public/mold-photos/navodky/1024_01024_Warmwestenfach_Vorn_Li.pdf"", ""title"" : ""Návodka""}]",null,false
1025,null,Witte,43D z.,null,null,"[{""url"" : ""https://qjoovhagucdcaebgdmbx.supabase.co/storage/v1/object/public/mold-photos/navodky/1025_01025_Warmwestenfach_Vorn_Re.pdf"", ""title"" : ""Návodka""}]",null,false
1026,null,Witte,Mezisklad,null,null,"[{""url"" : ""https://qjoovhagucdcaebgdmbx.supabase.co/storage/v1/object/public/mold-photos/navodky/1026_01026_Aufnahme_Dichtring_Li.pdf"", ""title"" : ""Návodka""}]",null,false
1027,null,Witte,Mezisklad,null,null,"[{""url"" : ""https://qjoovhagucdcaebgdmbx.supabase.co/storage/v1/object/public/mold-photos/navodky/1027_01027_Aufnahme_Dichtring_LSP_Re.pdf"", ""title"" : ""Návodka""}]",null,false
1028,null,Witte,Mezisklad,null,null,"[{""url"" : ""https://qjoovhagucdcaebgdmbx.supabase.co/storage/v1/object/public/mold-photos/navodky/1028_01028_Aufnahme_Dichtring_LSP_Hinten_Li.pdf"", ""title"" : ""Návodka""}]",null,false
126,null,Scherdel,37C h.,null,null,"[{""url"" : ""https://qjoovhagucdcaebgdmbx.supabase.co/storage/v1/object/public/mold-photos/navodky/126_Ventil_fialovy_beze_skla_forma_00126.pdf"", ""title"" : ""Návodka""}]",null,false
127,null,Scherdel,37C h.,null,null,null,null,false
137,null,Mubea,51E c.,null,null,null,null,false
14,null,Novares,36A z.,,null,"[{""url"" : ""https://qjoovhagucdcaebgdmbx.supabase.co/storage/v1/object/public/mold-photos/navodky/14_Kombihalter_RL_43867_00014.pdf"", ""title"" : ""Návodka""}]",null,false
143,null,Witte,41C h.,null,null,null,null,false
15,null,Novares,36A z.,null,null,"[{""url"" : ""https://qjoovhagucdcaebgdmbx.supabase.co/storage/v1/object/public/mold-photos/navodky/15_Kombihalter_LL_43860_00015.pdf"", ""title"" : ""Návodka""}]",null,false
158,null,Others,44C z.,null,null,null,null,false
165,null,Mubea,51E b.,null,null,null,null,false
167,null,Others,44C h.,null,null,null,null,false
168,null,Others,44C h.,null,null,null,null,false
171,null,Scherdel,37C h.,null,null,null,null,false
175,null,Ideal,45C b.,null,null,null,null,false
178,null,Ideal,45B m.,null,null,null,null,false
180,null,Ideal,45B m.,null,null,null,null,false
182,null,Ideal,45C b.,null,null,null,null,false
184,null,Novares,40A c.,null,null,null,null,false
186,null,Novares,39C b.,null,null,null,null,false
187,null,Novares,40B z.,null,null,null,null,false
188,null,Novares,39B b.,null,null,null,null,false
191,null,Novares,39A m.,null,null,null,null,false
196,null,Novares,39A h.,null,null,null,null,false
20,null,Škoda,50A m.,null,null,"[{""url"" : ""https://qjoovhagucdcaebgdmbx.supabase.co/storage/v1/object/public/mold-photos/navodky/20_00020_Nosic_motoru_00020.pdf"", ""title"" : ""Návodka""}]",null,false
208,null,Others,44C h.,null,null,null,null,false
209,null,Novares,39B b.,null,null,null,null,false
21,null,Škoda,49C b.,null,null,"[{""url"" : ""https://qjoovhagucdcaebgdmbx.supabase.co/storage/v1/object/public/mold-photos/navodky/21_00021_Zajistovaci_dil_L_R_00021.pdf"", ""title"" : ""Návodka""}]",null,false
210,null,Novares,39B m.,null,null,null,null,false
212,null,Novares,39B h.,null,null,null,null,false
213,null,Novares,39B h.,null,null,null,null,false
22,null,Škoda,50A m.,null,null,"[{""url"" : ""https://qjoovhagucdcaebgdmbx.supabase.co/storage/v1/object/public/mold-photos/navodky/22_00022_Fixacni_dil_L_R_00022.pdf"", ""title"" : ""Návodka""}]",null,false
221,null,Mubea,51E c.,null,null,null,null,false
225,null,Novares,39C b.,null,null,null,null,false
23,null,Škoda,51B b.,null,null,"[{""url"" : ""https://qjoovhagucdcaebgdmbx.supabase.co/storage/v1/object/public/mold-photos/navodky/23_00023_Fixacni_dil_spodni_00023.pdf"", ""title"" : ""Návodka""}]",null,false
233,null,Witte,41B h.,null,null,null,null,false
237,null,Others,51C m.,null,null,null,null,false
239,null,Others,45D e.,null,null,null,null,false
24,null,Škoda,51C z.,null,null,"[{""url"" : ""https://qjoovhagucdcaebgdmbx.supabase.co/storage/v1/object/public/mold-photos/navodky/24_00024_Vedeni_rola_manual_00024.pdf"", ""title"" : ""Návodka""}]",null,false
242,null,Others,51E h.,null,null,null,null,false
243,null,Novares,39A h.,null,null,null,null,false
26,null,Novares,39B z.,null,null,"[{""url"" : ""https://qjoovhagucdcaebgdmbx.supabase.co/storage/v1/object/public/mold-photos/navodky/26_P8MV_FACADE_AV_7616_00026.pdf"", ""title"" : ""Návodka""}]",null,false
264,null,Novares,40B m.,null,null,null,null,false
265,null,Novares,40C h.,null,null,null,null,false
267,null,Others,44C h.,null,null,null,null,false
270,null,Others,37B c.,null,null,"[{""url"" : ""https://qjoovhagucdcaebgdmbx.supabase.co/storage/v1/object/public/mold-photos/navodky/270_00270_Vlozka_hnizda.pdf"", ""title"" : ""Návodka""}]",null,false
271,null,Others,51C m.,null,null,null,null,false
276,null,Witte,41A m.,null,null,null,null,false
277,null,Witte,42A h.,null,null,null,null,false
278,null,Witte,41C c.,null,null,null,null,false
279,null,Witte,41C b.,null,null,null,null,false
28,null,Novares,36B z.,null,null,null,null,false
280,null,Witte,42A h.,null,null,null,null,false
281,null,Witte,41A h.,null,null,"[{""url"" : ""https://qjoovhagucdcaebgdmbx.supabase.co/storage/v1/object/public/mold-photos/navodky/281_01043979060_Dichtung_2_00281.pdf"", ""title"" : ""Návodka""}]",null,false
283,null,Others,44C b.,null,null,null,null,false
284,null,Witte,41A h.,null,null,null,null,false
285,null,Witte,41A h.,null,null,null,null,false
286,null,Witte,42B h.,null,null,null,null,false
287,null,Witte,41B h.,null,null,null,null,false
288,null,Witte,41B h.,null,null,null,null,false
289,null,Witte,41B b.,null,null,null,null,false
29,null,Witte,Mezisklad,null,null,"[{""url"" : ""https://qjoovhagucdcaebgdmbx.supabase.co/storage/v1/object/public/mold-photos/navodky/29_00029_Antriebshebel_L_R.pdf"", ""title"" : ""Návodka""}]",null,false
290,null,Witte,42A h.,null,null,null,null,false
291,null,Witte,42A h.,null,null,null,null,false
292,null,Witte,42A h.,null,null,null,null,false
293,null,Witte,41B h.,null,null,null,null,false
294,null,Witte,41B h.,null,null,null,null,false
298,null,Witte,41B m.,null,null,null,null,false
299,null,Others,51E h.,null,null,null,null,false
30,null,Witte,Mezisklad,null,null,"[{""url"":""https://qjoovhagucdcaebgdmbx.supabase.co/storage/v1/object/public/mold-photos/navodky/30_00030_Austellhebel_L_R.pdf"",""title"":""Návodka""}]",null,false
308,null,Witte,41B m.,null,null,null,null,false
309,null,Witte,41B m.,null,null,null,null,false
310,null,Witte,42A h.,null,null,null,null,false
311,null,Witte,41B m.,null,null,null,null,false
312,null,Witte,41C m.,null,null,null,null,false
318,null,Novares,39A m.,null,null,null,null,false
320,null,Novares,40A m.,null,null,null,null,false
321,null,Novares,39A h.,null,null,null,null,false
322,null,Novares,39B h.,null,null,null,null,false
323,null,Novares,39B h.,null,null,null,null,false
324,null,Novares,39A h.,null,null,null,null,false
327,null,Novares,39C h.,null,null,null,null,false
328,null,Novares,39B h.,null,null,null,null,false
329,null,Novares,39C h.,null,null,null,null,false
33,null,Witte,41C z.,null,null,"[{""url"" : ""https://qjoovhagucdcaebgdmbx.supabase.co/storage/v1/object/public/mold-photos/navodky/33_Haltering_00033.pdf"", ""title"" : ""Návodka""}]",null,false
330,null,Novares,39A h.,null,null,null,null,false
331,null,Novares,39C h.,null,null,null,null,false
332,null,Novares,39C h.,null,null,null,null,false
333,null,Novares,39B h.,null,null,null,null,false
334,null,Novares,40C h.,null,null,null,null,false
335,null,Novares,39B h.,null,null,null,null,false
336,null,Novares,39A h.,null,null,null,null,false
337,null,Novares,39A h.,null,null,null,null,false
338,null,Novares,39B b.,null,null,null,null,false
339,null,Novares,39A h.,null,null,null,null,false
34,null,Škoda,49D b.,null,null,"[{""url"" : ""https://qjoovhagucdcaebgdmbx.supabase.co/storage/v1/object/public/mold-photos/navodky/34_Odpadkovy_kos-pevny_dil_9B9_00034.pdf"", ""title"" : ""Návodka""}]",null,false
342,null,Novares,39B h.,null,null,null,null,false
343,null,Witte,41B c.,null,null,null,null,false
347,null,Witte,41C m.,null,null,null,null,false
35,null,Others,Mezisklad,null,null,"[{""url"" : ""https://qjoovhagucdcaebgdmbx.supabase.co/storage/v1/object/public/mold-photos/navodky/35_00035_Uebertragungshebel_L_R.pdf"", ""title"" : ""Návodka""}]",null,false
350,null,Witte,41C m.,null,null,null,null,false
351,null,Witte,41A m.,null,null,null,null,false
353,null,Witte,41A m.,null,null,null,null,false
356,null,Witte,41C m.,null,null,null,null,false
357,null,Novares,39A h.,null,null,null,null,false
36,null,Others,44B h.,null,null,"[{""url"" : ""https://qjoovhagucdcaebgdmbx.supabase.co/storage/v1/object/public/mold-photos/navodky/36_Potting_Dam_00036.pdf"", ""title"" : ""Návodka""}]",null,false
360,null,Others,51E h.,null,null,null,null,false
361,null,Witte,41A h.,null,null,null,null,false
362,null,Witte,41B m.,null,null,null,null,false
363,null,Witte,41C b.,null,null,null,null,false
364,null,Witte,41A m.,null,null,null,null,false
368,null,Novares,40A m.,null,null,null,null,false
369,null,Novares,40A m.,null,null,null,null,false
370,null,Witte,43E b.,null,null,"[{""url"" : ""https://qjoovhagucdcaebgdmbx.supabase.co/storage/v1/object/public/mold-photos/navodky/370_00370_Fanlager.pdf"", ""title"" : ""Návodka""}]",null,false
38,null,Others,44B h.,null,null,null,null,false
382,null,Scherdel,37C h.,null,null,null,null,false
383,null,Witte,41A m.,null,null,null,null,false
384,null,Novares,40B b.,null,null,"[{""url"" : ""https://qjoovhagucdcaebgdmbx.supabase.co/storage/v1/object/public/mold-photos/navodky/384_ZT_IT_FS_Mitte_RL_Blende_W26908_00384.pdf"", ""title"" : ""Návodka""}]",null,false
385,null,Others,37A c.,null,null,null,null,false
388,null,AFSI,37B c.,null,null,null,null,false
389,null,Škoda,50B m.,null,null,null,null,false
39,null,Škoda,49E m.,null,null,"[{""url"" : ""https://qjoovhagucdcaebgdmbx.supabase.co/storage/v1/object/public/mold-photos/navodky/39_00039_Cover_VD_00039.pdf"", ""title"" : ""Návodka""}]",null,false
390,null,Škoda,48A h.,null,null,null,null,false
391,null,Witte,42C c.,null,null,null,null,false
392,null,Witte,41B c.,null,null,null,null,false
395,null,Others,51E h.,null,null,null,null,false
397,null,Novares,40A b.,null,null,"[{""url"" : ""https://qjoovhagucdcaebgdmbx.supabase.co/storage/v1/object/public/mold-photos/navodky/397_ZT_IT_FS_Mitte_LL_Blende_W26903_00397.pdf"", ""title"" : ""Návodka""}]",null,false
398,null,Witte,41B b.,null,null,null,null,false
399,null,Others,51E h.,null,null,null,null,false
40,null,Škoda,49E m.,null,null,"[{""url"" : ""https://qjoovhagucdcaebgdmbx.supabase.co/storage/v1/object/public/mold-photos/navodky/40_00040_Cover_PSD_00040.pdf"", ""title"" : ""Návodka""}]",null,false
400,null,Witte,41C c.,null,null,null,null,false
401,null,Witte,42B h.,null,null,null,null,false
402,null,Škoda,48B b.,null,null,null,null,false
403,null,Škoda,47A b.,null,null,null,null,false
404,null,Škoda,47A b.,null,null,null,null,false
405,null,Witte,41C z.,null,null,null,null,false
406,null,Witte,41C h.,null,null,null,null,false
407,null,Witte,41C c.,null,null,null,null,false
408,null,Novares,40A z.,null,null,null,null,false
41,null,Škoda,52B c.,null,null,"[{""url"" : ""https://qjoovhagucdcaebgdmbx.supabase.co/storage/v1/object/public/mold-photos/navodky/41_00041_Klammer_VD_00041.pdf"", ""title"" : ""Návodka""}]",null,false
410,null,Škoda,47B h.,null,null,null,null,false
411,null,Škoda,47B h.,null,null,null,null,false
412,null,Witte,41B c.,null,null,null,null,false
413,null,Scherdel,38B b.,null,null,null,null,false
414,null,Scherdel,38B b.,null,null,null,null,false
417,null,Witte,41B b.,null,null,null,null,false
418,null,Witte,43C m.,null,null,null,null,false
419,null,Witte,41A m.,null,null,null,null,false
42,null,Škoda,52B c.,null,null,"[{""url"" : ""https://qjoovhagucdcaebgdmbx.supabase.co/storage/v1/object/public/mold-photos/navodky/42_00042_Klammer_PSD_00042.pdf"", ""title"" : ""Návodka""}]",null,false
420,null,Witte,41A h.,null,null,null,null,false
422,null,Others,44C b.,null,null,"[{""url"" : ""https://qjoovhagucdcaebgdmbx.supabase.co/storage/v1/object/public/mold-photos/navodky/422_Rubstrip_end_cape_247_514_-_7.pdf"", ""title"" : ""Návodka""}, {""url"" : ""https://qjoovhagucdcaebgdmbx.supabase.co/storage/v1/object/public/mold-photos/navodky/422_Rubstrip_end_cape_247_514_-3.pdf"", ""title"" : ""Navodka_alt""}]",null,false
426,null,Škoda,47A h.,null,null,null,null,false
427,null,Škoda,47A h.,null,null,null,null,false
428,null,Škoda,47A h.,null,null,null,null,false
429,null,Witte,41A h.,null,null,null,null,false
43,null,Others,Mezisklad,null,null,"[{""url"" : ""https://qjoovhagucdcaebgdmbx.supabase.co/storage/v1/object/public/mold-photos/navodky/43_00043_Frame_L_R.pdf"", ""title"" : ""Návodka""}]",null,false
431,null,Škoda,47B h.,null,null,null,null,false
432,null,Others,45C c.,null,null,null,null,false
434,null,Witte,41A c.,null,null,null,null,false
435,null,Witte,42B h.,null,null,null,null,false
438,null,Witte,41A h.,null,null,null,null,false
439,null,Others,37C h.,null,null,null,null,false
44,null,Witte,42A z.,,,"[{""url"" : ""https://qjoovhagucdcaebgdmbx.supabase.co/storage/v1/object/public/mold-photos/navodky/44_00044_Ausloesehebel_L_R_00044.pdf"", ""title"" : ""Návodka""}]",null,false
440,null,Others,41A c.,null,null,null,null,false
441,null,Witte,41B b.,null,null,null,null,false
442,null,Others,44C z.,null,null,"[{""url"" : ""https://qjoovhagucdcaebgdmbx.supabase.co/storage/v1/object/public/mold-photos/navodky/442_BonBlock_dil_A_vana_seda_-_Altech_PP_GF30.pdf"", ""title"" : ""Šedá""}]",null,false
443,null,Others,44C z.,null,null,null,null,false
444,null,Others,44C b.,null,null,null,null,false
445,null,Others,44C b.,null,null,null,null,false
446,null,Witte,41A c.,null,null,null,null,false
452,null,Novares,40A b.,null,null,"[{""url"" : ""https://qjoovhagucdcaebgdmbx.supabase.co/storage/v1/object/public/mold-photos/navodky/452_ZT_IT_FS_Aussen_RL_Blende_W26907_00452.pdf"", ""title"" : ""Návodka""}]",null,false
453,null,Novares,40A b.,null,null,"[{""url"" : ""https://qjoovhagucdcaebgdmbx.supabase.co/storage/v1/object/public/mold-photos/navodky/453_ZT_IT_FS_Aussen_LL_Blende_W26902_00453.pdf"", ""title"" : ""Návodka""}]",null,false
454,null,Novares,40A h.,null,null,"[{""url"" : ""https://qjoovhagucdcaebgdmbx.supabase.co/storage/v1/object/public/mold-photos/navodky/454_Drehachse_Schminksp_W20426_00454.pdf"", ""title"" : ""Návodka""}]",null,false
455,null,Novares,40A h.,null,null,"[{""url"" : ""https://qjoovhagucdcaebgdmbx.supabase.co/storage/v1/object/public/mold-photos/navodky/455_Schieber_Natur_W20425_00455.pdf"", ""title"" : ""Návodka""}, {""url"" : ""https://qjoovhagucdcaebgdmbx.supabase.co/storage/v1/object/public/mold-photos/navodky/455_Schieber_Schwarz_W20425_00455.pdf"", ""title"" : ""Navodka_alt""}]",null,false
456,null,Novares,40A h.,null,null,"[{""url"" : ""https://qjoovhagucdcaebgdmbx.supabase.co/storage/v1/object/public/mold-photos/navodky/456_Reibelement_Spannhulse_W20428_00456.pdf"", ""title"" : ""Návodka""}]",null,false
457,null,Novares,40B z.,null,null,"[{""url"" : ""https://qjoovhagucdcaebgdmbx.supabase.co/storage/v1/object/public/mold-photos/navodky/457_Deckel_natur_Chrom_W20460_00457.pdf"", ""title"" : ""Návodka""}, {""url"" : ""https://qjoovhagucdcaebgdmbx.supabase.co/storage/v1/object/public/mold-photos/navodky/457_Deckel_Schwarz_Chrom_W20460_00457.pdf"", ""title"" : ""Navodka_alt""}]",null,false
458,null,Novares,40B b.,null,null,"[{""url"" : ""https://qjoovhagucdcaebgdmbx.supabase.co/storage/v1/object/public/mold-photos/navodky/458_Rahmen_natur_chrom_W20461_00458.pdf"", ""title"" : ""Návodka""}, {""url"" : ""https://qjoovhagucdcaebgdmbx.supabase.co/storage/v1/object/public/mold-photos/navodky/458_Rahmen_schwarz_chrom_W20461_00458.pdf"", ""title"" : ""Navodka_alt""}]",null,false
459,null,Novares,40B z.,null,null,"[{""url"" : ""https://qjoovhagucdcaebgdmbx.supabase.co/storage/v1/object/public/mold-photos/navodky/459_Geause_Schminksp_Rohteil_Natur_W20421_00459.pdf"", ""title"" : ""Návodka""}, {""url"" : ""https://qjoovhagucdcaebgdmbx.supabase.co/storage/v1/object/public/mold-photos/navodky/459_Geause_Schminksp_Rohteil_Schwarz_W20421_00459.pdf"", ""title"" : ""Navodka_alt""}]",null,false
460,null,Witte,42B z.,null,null,"[{""url"" : ""https://qjoovhagucdcaebgdmbx.supabase.co/storage/v1/object/public/mold-photos/navodky/460_00460_Deckel_Actuator_L_R.pdf"", ""title"" : ""Návodka""}]",null,false
461,null,Others,37A c.,null,null,"[{""url"" : ""https://qjoovhagucdcaebgdmbx.supabase.co/storage/v1/object/public/mold-photos/navodky/461_Cover_01.5B1_00461.pdf"", ""title"" : ""Návodka""}]",null,false
462,null,Witte,44B h.,null,null,"[{""url"" : ""https://qjoovhagucdcaebgdmbx.supabase.co/storage/v1/object/public/mold-photos/navodky/462_00462_Holder_Switch_RS_LS.pdf"", ""title"" : ""Návodka""}]",null,false
463,null,Witte,43B c.,null,null,"[{""url"" : ""https://qjoovhagucdcaebgdmbx.supabase.co/storage/v1/object/public/mold-photos/navodky/463_00463_Housing_GOB.pdf"", ""title"" : ""Návodka""}]",null,false
464,null,Witte,44A c.,null,null,"[{""url"" : ""https://qjoovhagucdcaebgdmbx.supabase.co/storage/v1/object/public/mold-photos/navodky/464_00464_Clip.pdf"", ""title"" : ""Návodka""}]",null,false
465,null,Witte,44A c.,null,null,"[{""url"" : ""https://qjoovhagucdcaebgdmbx.supabase.co/storage/v1/object/public/mold-photos/navodky/465_00465_Cover.pdf"", ""title"" : ""Návodka""}]",null,false
466,null,Witte,41C č.,null,null,"[{""url"" : ""https://qjoovhagucdcaebgdmbx.supabase.co/storage/v1/object/public/mold-photos/navodky/466_Kindersicherungshebel_00466.pdf"", ""title"" : ""Návodka""}]",null,false
469,null,Mubea,51E m.,null,null,"[{""url"" : ""https://qjoovhagucdcaebgdmbx.supabase.co/storage/v1/object/public/mold-photos/navodky/469_Spring_Isolator_00469.pdf"", ""title"" : ""Návodka""}]",null,false
470,null,Witte,43D b.,null,null,"[{""url"" : ""https://qjoovhagucdcaebgdmbx.supabase.co/storage/v1/object/public/mold-photos/navodky/470_00470_DEP_Pad_front.pdf"", ""title"" : ""Návodka""}]",null,false
471,null,Witte,44B c.,null,null,"[{""url"" : ""https://qjoovhagucdcaebgdmbx.supabase.co/storage/v1/object/public/mold-photos/navodky/471_00471_Plastic_Axis.pdf"", ""title"" : ""Návodka""}]",null,false
472,null,Witte,43B c.,null,null,"[{""url"" : ""https://qjoovhagucdcaebgdmbx.supabase.co/storage/v1/object/public/mold-photos/navodky/472_00472_Pusher.pdf"", ""title"" : ""Návodka""}]",null,false
473,null,Witte,44A h.,null,null,"[{""url"" : ""https://qjoovhagucdcaebgdmbx.supabase.co/storage/v1/object/public/mold-photos/navodky/473_00473_Rolle.pdf"", ""title"" : ""Návodka""}]",null,false
474,null,Witte,43D c.,null,null,"[{""url"" : ""https://qjoovhagucdcaebgdmbx.supabase.co/storage/v1/object/public/mold-photos/navodky/474_00474_Abstuetzung.pdf"", ""title"" : ""Návodka""}]",null,false
475,null,Witte,43D c.,null,null,"[{""url"" : ""https://qjoovhagucdcaebgdmbx.supabase.co/storage/v1/object/public/mold-photos/navodky/475_00475_Auslosehebel.pdf"", ""title"" : ""Návodka""}]",null,false
476,null,Witte,40B h.,null,null,"[{""url"" : ""https://qjoovhagucdcaebgdmbx.supabase.co/storage/v1/object/public/mold-photos/navodky/476_00476_Deckel.pdf"", ""title"" : ""Návodka""}]",null,false
477,null,Witte,44A h.,null,null,"[{""url"" : ""https://qjoovhagucdcaebgdmbx.supabase.co/storage/v1/object/public/mold-photos/navodky/477_00477_Zentralhebel.pdf"", ""title"" : ""Návodka""}]",null,false
478,null,Witte,43D b.,null,null,"[{""url"" : ""https://qjoovhagucdcaebgdmbx.supabase.co/storage/v1/object/public/mold-photos/navodky/478_00478_Anlenkhebel_OT_3_4.pdf"", ""title"" : ""Návodka""}]",null,false
479,null,Witte,40B h.,null,null,"[{""url"" : ""https://qjoovhagucdcaebgdmbx.supabase.co/storage/v1/object/public/mold-photos/navodky/479_00479_Fuhrungshebel.pdf"", ""title"" : ""Návodka""}]",null,false
48,null,Witte,49E z.,null,null,"[{""url"" : ""https://qjoovhagucdcaebgdmbx.supabase.co/storage/v1/object/public/mold-photos/navodky/48_00048_Verbindungsstange_L_R.pdf"", ""title"" : ""Návodka""}]",null,false
480,null,Witte,40B h.,null,null,"[{""url"" : ""https://qjoovhagucdcaebgdmbx.supabase.co/storage/v1/object/public/mold-photos/navodky/480_00480_Lagerschalle.pdf"", ""title"" : ""Návodka""}]",null,false
481,null,Others,52A m.,null,null,"[{""url"" : ""https://qjoovhagucdcaebgdmbx.supabase.co/storage/v1/object/public/mold-photos/navodky/481_00481_V36_Las.pdf"", ""title"" : ""Návodka""}, {""url"" : ""https://qjoovhagucdcaebgdmbx.supabase.co/storage/v1/object/public/mold-photos/navodky/481_00481_V6_Lock_Yellow.pdf"", ""title"" : ""Žlutá""}, {""url"" : ""https://qjoovhagucdcaebgdmbx.supabase.co/storage/v1/object/public/mold-photos/navodky/481_00481_V6_Lock_Red.pdf"", ""title"" : ""Červená""}]",null,false
482,null,Others,37A m.,null,null,"[{""url"" : ""https://qjoovhagucdcaebgdmbx.supabase.co/storage/v1/object/public/mold-photos/navodky/482_00482_7mm_ror.pdf"", ""title"" : ""Návodka""}]",null,false
483,null,Others,37A m.,null,null,"[{""url"" : ""https://qjoovhagucdcaebgdmbx.supabase.co/storage/v1/object/public/mold-photos/navodky/483_00483_10mm_ror.pdf"", ""title"" : ""Návodka""}]",null,false
484,null,Novares,40B c.,null,null,"[{""url"" : ""https://qjoovhagucdcaebgdmbx.supabase.co/storage/v1/object/public/mold-photos/navodky/484_00484_Blende_Bedienrad_Mitte_25101.pdf"", ""title"" : ""Návodka""}]",null,false
485,null,Novares,39B z.,null,null,"[{""url"" : ""https://qjoovhagucdcaebgdmbx.supabase.co/storage/v1/object/public/mold-photos/navodky/485_00485_Blende_ITA_vorn_oben_LL_rohteil_25007.pdf"", ""title"" : ""Návodka""}]",null,false
486,null,Witte,44A h.,null,null,"[{""url"" : ""https://qjoovhagucdcaebgdmbx.supabase.co/storage/v1/object/public/mold-photos/navodky/486_00486_Zentrierung.pdf"", ""title"" : ""Návodka""}, {""url"" : ""https://qjoovhagucdcaebgdmbx.supabase.co/storage/v1/object/public/mold-photos/navodky/486_Fuhrungsleiste_LH_RH_WZ486_684.pdf"", ""title"" : ""Navodka_alt""}]",null,false
487,null,Others,51D c.,null,null,"[{""url"" : ""https://qjoovhagucdcaebgdmbx.supabase.co/storage/v1/object/public/mold-photos/navodky/487_00487_Venturi.pdf"", ""title"" : ""Návodka""}]",null,false
488,null,Novares,40B h.,null,null,"[{""url"" : ""https://qjoovhagucdcaebgdmbx.supabase.co/storage/v1/object/public/mold-photos/navodky/488_00488_Aksent_-_horni_dil_W3978.pdf"", ""title"" : ""Návodka""}, {""url"" : ""https://qjoovhagucdcaebgdmbx.supabase.co/storage/v1/object/public/mold-photos/navodky/488_00488_Aksent_-_spodni_dil_W3978.pdf"", ""title"" : ""Navodka_alt""}]",null,false
489,null,Škoda,40A h.,null,null,"[{""url"" : ""https://qjoovhagucdcaebgdmbx.supabase.co/storage/v1/object/public/mold-photos/navodky/489_00489_Verbindungshebel_W3947.pdf"", ""title"" : ""Návodka""}]",null,false
49,null,Witte,44A c.,null,null,"[{""url"" : ""https://qjoovhagucdcaebgdmbx.supabase.co/storage/v1/object/public/mold-photos/navodky/49_Zwischenhebel_00049.pdf"", ""title"" : ""Návodka""}]",null,false
490,null,Škoda,40A h.,null,null,"[{""url"" : ""https://qjoovhagucdcaebgdmbx.supabase.co/storage/v1/object/public/mold-photos/navodky/490_00490_Lamelenkamm_W3980.pdf"", ""title"" : ""Návodka""}]",null,false
491,null,Novares,40A h.,null,null,"[{""url"" : ""https://qjoovhagucdcaebgdmbx.supabase.co/storage/v1/object/public/mold-photos/navodky/491_00491_Steuerhebel_W3950.pdf"", ""title"" : ""Návodka""}]",null,false
492,null,Novares,40B h.,null,null,"[{""url"" : ""https://qjoovhagucdcaebgdmbx.supabase.co/storage/v1/object/public/mold-photos/navodky/492_00492_Kulise_Schwenkhebel_W3943.pdf"", ""title"" : ""Návodka""}]",null,false
493,null,Novares,40A z.,null,null,"[{""url"" : ""https://qjoovhagucdcaebgdmbx.supabase.co/storage/v1/object/public/mold-photos/navodky/493_00493_Blende_Klimahimmel_MY17_W26844.pdf"", ""title"" : ""Návodka""}]",null,false
494,null,Novares,40B z.,null,null,"[{""url"" : ""https://qjoovhagucdcaebgdmbx.supabase.co/storage/v1/object/public/mold-photos/navodky/494_00494_Blende_Drehring_W3979.pdf"", ""title"" : ""Návodka""}]",null,false
495,null,Others,47C c.,null,null,"[{""url"" : ""https://qjoovhagucdcaebgdmbx.supabase.co/storage/v1/object/public/mold-photos/navodky/495_00495_Krytka_NTW_VD_-_4PK.pdf"", ""title"" : ""Návodka""}, {""url"" : ""https://qjoovhagucdcaebgdmbx.supabase.co/storage/v1/object/public/mold-photos/navodky/495_00495_Krytka_NTW_VD_-_RM5.pdf"", ""title"" : ""Navodka_alt""}]",null,false
496,null,Novares,40B c.,null,null,"[{""url"" : ""https://qjoovhagucdcaebgdmbx.supabase.co/storage/v1/object/public/mold-photos/navodky/496_00496_Gehause_Klimah._MY17_W26845.pdf"", ""title"" : ""Návodka""}]",null,false
497,null,Witte,44B c.,null,null,"[{""url"" : ""https://qjoovhagucdcaebgdmbx.supabase.co/storage/v1/object/public/mold-photos/navodky/497_00497_Mechaniktraeger_RS1.pdf"", ""title"" : ""Návodka""}, {""url"" : ""https://qjoovhagucdcaebgdmbx.supabase.co/storage/v1/object/public/mold-photos/navodky/497_00497_Mechaniktraeger_RS2.pdf"", ""title"" : ""Navodka_alt""}]",null,false
498,null,Witte,44C c.,null,null,"[{""url"" : ""https://qjoovhagucdcaebgdmbx.supabase.co/storage/v1/object/public/mold-photos/navodky/498_00498_Blockiernocken.pdf"", ""title"" : ""Návodka""}]",null,false
50,null,Witte,43A b.,null,null,"[{""url"" : ""https://qjoovhagucdcaebgdmbx.supabase.co/storage/v1/object/public/mold-photos/navodky/50_Clip_00050.pdf"", ""title"" : ""Návodka""}]",null,false
504,null,Others,44C b.,null,null,null,null,false
505,null,Škoda,47B z.,null,null,"[{""url"" : ""https://qjoovhagucdcaebgdmbx.supabase.co/storage/v1/object/public/mold-photos/navodky/505_Kryt_vnitrni_elektro_L_R_00505.pdf"", ""title"" : ""Návodka""}]",null,false
507,null,Škoda,48C z.,null,null,null,null,false
508,null,Škoda,47A z.,null,null,"[{""url"" : ""https://qjoovhagucdcaebgdmbx.supabase.co/storage/v1/object/public/mold-photos/navodky/508_Misky_drzadla_LL_-_1tl.2tl._00508.pdf"", ""title"" : ""Návodka""}, {""url"" : ""https://qjoovhagucdcaebgdmbx.supabase.co/storage/v1/object/public/mold-photos/navodky/508_Misky_drzadla_LL_-_1tl.4tl.vtok_00508.pdf"", ""title"" : ""Navodka_alt""}]",null,false
509,null,Škoda,49C m.,null,null,null,null,false
511,null,Škoda,47B b.,null,null,null,null,false
514,null,Witte,43E b.,null,null,"[{""url"" : ""https://qjoovhagucdcaebgdmbx.supabase.co/storage/v1/object/public/mold-photos/navodky/514_00514_Fanlager_Weich.pdf"", ""title"" : ""Návodka""}]",null,false
518,null,Witte,41C b.,null,null,null,null,false
519,null,Scherdel,37B m.,null,null,null,null,false
52,null,Scherdel,38B m.,null,null,"[{""url"" : ""https://qjoovhagucdcaebgdmbx.supabase.co/storage/v1/object/public/mold-photos/navodky/52_Ventil_maly_fialovy_16x_vakuum_00052.pdf"", ""title"" : ""Návodka""}, {""url"" : ""https://qjoovhagucdcaebgdmbx.supabase.co/storage/v1/object/public/mold-photos/navodky/52_Ventil_maly_modry_16x_vakuum_00052.pdf"", ""title"" : ""Modrá""}, {""url"" : ""https://qjoovhagucdcaebgdmbx.supabase.co/storage/v1/object/public/mold-photos/navodky/52_Ventil_maly_oranzovy_16x_vakuum_00052.pdf"", ""title"" : ""Oranžová""}, {""url"" : ""https://qjoovhagucdcaebgdmbx.supabase.co/storage/v1/object/public/mold-photos/navodky/52_Ventil_maly_tyrkysovy_16x_vakuum_00052.pdf"", ""title"" : ""Tyrkysová""}, {""url"" : ""https://qjoovhagucdcaebgdmbx.supabase.co/storage/v1/object/public/mold-photos/navodky/52_Ventil_maly_cerny_16x_vakuum_00052.pdf"", ""title"" : ""Černá""}, {""url"" : ""https://qjoovhagucdcaebgdmbx.supabase.co/storage/v1/object/public/mold-photos/navodky/52_Ventil_maly_cerveny_16x_vakuum_00052.pdf"", ""title"" : ""Červená""}, {""url"" : ""https://qjoovhagucdcaebgdmbx.supabase.co/storage/v1/object/public/mold-photos/navodky/52_Ventil_maly_sedy_16x_vakuum_00052.pdf"", ""title"" : ""Šedá""}, {""url"" : ""https://qjoovhagucdcaebgdmbx.supabase.co/storage/v1/object/public/mold-photos/navodky/52_Ventil_maly_zluty_16x_vakuum_00052.pdf"", ""title"" : ""Žlutá""}]",null,false
520,null,Novares,39C m.,null,null,null,null,false
521,null,Novares,44C b.,null,null,null,null,false
522,null,Novares,39C m.,null,null,null,null,false
523,null,Witte,42B h.,null,null,null,null,false
524,null,Scherdel,37B h.,null,null,null,null,false
525,null,Novares,39C c.,null,null,null,null,false
526,null,Novares,39C c.,null,null,null,null,false
528,null,Novares,39C c.,null,null,null,null,false
530,null,Novares,39C c.,null,null,null,null,false
533,null,Witte,42B h.,null,null,null,null,false
534,null,Witte,41C h.,null,null,null,null,false
535,null,Novares,39C c.,null,null,null,null,false
536,null,Novares,39C c.,null,null,null,null,false
537,null,Novares,39C c.,null,null,null,null,false
538,null,Novares,39C c.,null,null,null,null,false
54,null,Witte,42A m.,null,null,"[{""url"" : ""https://qjoovhagucdcaebgdmbx.supabase.co/storage/v1/object/public/mold-photos/navodky/54_00054_Haltering.pdf"", ""title"" : ""Návodka""}]",null,false
541,null,Witte,41A b.,null,null,null,null,false
542,null,Witte,41B h.,null,null,null,null,false
543,null,Novares,39B h.,null,null,null,null,false
548,null,Scherdel,37A h.,null,null,null,null,false
549,null,Scherdel,38B b.,null,null,null,null,false
550,null,Witte,41A c.,null,null,null,null,false
551,null,Witte,42B c.,null,null,null,null,false
554,null,Witte,41C h.,null,null,null,null,false
556,null,Witte,41B b.,null,null,null,null,false
557,null,Scherdel,38C m.,null,null,null,null,false
558,null,Witte,41A b.,null,null,null,null,false
559,null,Scherdel,37C h.,null,null,null,null,false
569,null,Witte,41C b.,null,null,null,null,false
57,null,Novares,44A c.,null,null,"[{""url"" : ""https://qjoovhagucdcaebgdmbx.supabase.co/storage/v1/object/public/mold-photos/navodky/57_00057_End_Caps.pdf"", ""title"" : ""Návodka""}]",null,false
570,null,Witte,42C c.,null,null,null,null,false
574,null,Novares,40B m.,null,null,"[{""url"" : ""https://qjoovhagucdcaebgdmbx.supabase.co/storage/v1/object/public/mold-photos/navodky/574_Gehause_L_R_-_01050573_574.pdf"", ""title"" : ""Návodka""}]",null,false
575,null,Novares,40A m.,null,null,"[{""url"" : ""https://qjoovhagucdcaebgdmbx.supabase.co/storage/v1/object/public/mold-photos/navodky/575_VW_378_V_Lamellenkamm_lang_FS_LL-W23807.pdf"", ""title"" : ""Návodka""}]",null,false
577,null,Witte,42B c.,null,null,"[{""url"" : ""https://qjoovhagucdcaebgdmbx.supabase.co/storage/v1/object/public/mold-photos/navodky/577_Abdeckhaube_2_LH_RH_00577.pdf"", ""title"" : ""Návodka""}]",null,false
578,null,Novares,39A c.,null,null,"[{""url"" : ""https://qjoovhagucdcaebgdmbx.supabase.co/storage/v1/object/public/mold-photos/navodky/578_Verbindungshebel_FS_LL_3_578.pdf"", ""title"" : ""Návodka""}]",null,false
579,null,Novares,40B m.,null,null,null,null,false
580,null,Novares,39A c.,null,null,null,null,false
581,null,Novares,40A m.,null,null,null,null,false
582,null,Škoda,50C z.,null,null,null,null,false
583,null,Škoda,47A z.,null,null,"[{""url"" : ""https://qjoovhagucdcaebgdmbx.supabase.co/storage/v1/object/public/mold-photos/navodky/583_Krytka_tyce_upevnovaci_00583.pdf"", ""title"" : ""Návodka""}]",null,false
584,null,Škoda,47A c.,null,null,null,null,false
586,null,Novares,40A c.,null,null,"[{""url"" : ""https://qjoovhagucdcaebgdmbx.supabase.co/storage/v1/object/public/mold-photos/navodky/586_VW_378_V_Lamellenkamm_RL-W23834.pdf"", ""title"" : ""Návodka""}]",null,false
587,null,Ideal,45C c.,null,null,null,null,false
589,null,Novares,40A c.,null,null,null,null,false
59,null,Novares,40C č.,null,null,"[{""url"" : ""https://qjoovhagucdcaebgdmbx.supabase.co/storage/v1/object/public/mold-photos/navodky/59_00059_Clips.pdf"", ""title"" : ""Návodka""}]",null,false
590,null,Škoda,48A b.,null,null,"[{""url"" : ""https://qjoovhagucdcaebgdmbx.supabase.co/storage/v1/object/public/mold-photos/navodky/590_Krytka_AKU_00590.pdf"", ""title"" : ""Návodka""}]",null,false
591,null,Škoda,48A b.,,,"[{""url"" : ""https://qjoovhagucdcaebgdmbx.supabase.co/storage/v1/object/public/mold-photos/navodky/591_Krytka_LFE_00591.pdf"", ""title"" : ""Návodka""}]",null,false
592,null,Škoda,48A b.,null,null,null,null,false
593,null,Škoda,48A b.,null,null,null,null,false
597,null,AFSI,37A č.,,,null,null,false
598,null,Scherdel,38A b.,null,null,null,null,false
599,null,Mubea,51E b.,null,null,null,null,false
600,null,Scherdel,38A b.,null,null,null,null,false
603,null,Witte,41A b.,null,null,null,null,false
604,null,Witte,41C m.,null,null,null,null,false
605,null,Škoda,50B z.,null,null,"[{""url"" : ""https://qjoovhagucdcaebgdmbx.supabase.co/storage/v1/object/public/mold-photos/navodky/605_Tyc_upevnovaci_L_R_00605.pdf"", ""title"" : ""Návodka""}]",null,false
606,null,Škoda,48C c.,null,null,"[{""url"" : ""https://qjoovhagucdcaebgdmbx.supabase.co/storage/v1/object/public/mold-photos/navodky/606_Kryt_tyce_upevnovaci_LR_00606.pdf"", ""title"" : ""Návodka""}, {""url"" : ""https://qjoovhagucdcaebgdmbx.supabase.co/storage/v1/object/public/mold-photos/navodky/606_Kryt_tyce_upevnovaci_L_-_R_00606.pdf"", ""title"" : ""Navodka_alt""}]",null,false
607,null,Škoda,49A z.,null,null,"[{""url"" : ""https://qjoovhagucdcaebgdmbx.supabase.co/storage/v1/object/public/mold-photos/navodky/607_Tyc_upevnovaci_BASIS_00607.pdf"", ""title"" : ""Návodka""}]",null,false
608,null,Škoda,52C c.,null,null,"[{""url"" : ""https://qjoovhagucdcaebgdmbx.supabase.co/storage/v1/object/public/mold-photos/navodky/608_Kryt_tyce_upevnovaci_BASIS_00608.pdf"", ""title"" : ""Návodka""}]",null,false
609,null,Adient,46A z.,null,null,"[{""url"" : ""https://qjoovhagucdcaebgdmbx.supabase.co/storage/v1/object/public/mold-photos/navodky/609_Kryt_bocni_vnejsi_L_R_sedadlo_00609.pdf"", ""title"" : ""Šedá""}, {""url"" : ""https://qjoovhagucdcaebgdmbx.supabase.co/storage/v1/object/public/mold-photos/navodky/609_Kryt_bocni_vnejsi_L_R_00609.pdf"", ""title"" : ""Navodka_alt""}]",null,false
610,null,Adient,46B z.,null,null,"[{""url"" : ""https://qjoovhagucdcaebgdmbx.supabase.co/storage/v1/object/public/mold-photos/navodky/610_Kryt_bocni_vnitrni_L_R_00610.pdf"", ""title"" : ""Návodka""}]",null,false
611,null,Adient,46C z.,null,null,"[{""url"" : ""https://qjoovhagucdcaebgdmbx.supabase.co/storage/v1/object/public/mold-photos/navodky/611_Kryt_bocni_vnitrni_stredni_L_00611.pdf"", ""title"" : ""Červená""}]",null,false
612,null,Adient,46A c.,null,null,"[{""url"" : ""https://qjoovhagucdcaebgdmbx.supabase.co/storage/v1/object/public/mold-photos/navodky/612_Kryt_zadni_L_R_00612.pdf"", ""title"" : ""Návodka""}, {""url"" : ""https://qjoovhagucdcaebgdmbx.supabase.co/storage/v1/object/public/mold-photos/navodky/612_Kryt_zadni_levy_pravy_00612.pdf"", ""title"" : ""Navodka_alt""}]",null,false
613,null,Adient,46C c.,null,null,"[{""url"" : ""https://qjoovhagucdcaebgdmbx.supabase.co/storage/v1/object/public/mold-photos/navodky/613_Kryt_zadni_stredni_00613.pdf"", ""title"" : ""Červená""}]",null,false
614,null,Adient,45A b.,null,null,"[{""url"" : ""https://qjoovhagucdcaebgdmbx.supabase.co/storage/v1/object/public/mold-photos/navodky/614_Krytka_Izofix_bocni_VARIO_614.pdf"", ""title"" : ""Návodka""}]",null,false
615,null,Adient,46A m.,null,null,"[{""url"" : ""https://qjoovhagucdcaebgdmbx.supabase.co/storage/v1/object/public/mold-photos/navodky/615_Krytka_Izofix_vnitrni_VARIO_615.pdf"", ""title"" : ""Návodka""}]",null,false
616,null,Škoda,47C h.,null,null,"[{""url"" : ""https://qjoovhagucdcaebgdmbx.supabase.co/storage/v1/object/public/mold-photos/navodky/616_Zaslepka_isofix_00616.pdf"", ""title"" : ""Návodka""}]",null,false
617,null,Adient,45A z.,,null,"[{""url"" : ""https://qjoovhagucdcaebgdmbx.supabase.co/storage/v1/object/public/mold-photos/navodky/617_Cupholder_00617.pdf"", ""title"" : ""Návodka""}]",null,false
618,null,Adient,46C m.,,null,"[{""url"" : ""https://qjoovhagucdcaebgdmbx.supabase.co/storage/v1/object/public/mold-photos/navodky/618_Kryt_bocni_spodni_vnejsi_00618.pdf"", ""title"" : ""Návodka""}]",null,false
619,null,Adient,46A m.,null,null,"[{""url"" : ""https://qjoovhagucdcaebgdmbx.supabase.co/storage/v1/object/public/mold-photos/navodky/619_Kryt_bocni_spodni_vnitrni_00619.pdf"", ""title"" : ""Návodka""}]",null,false
62,null,Others,44C h.,null,null,null,null,false
620,null,AFSI,38A z.,null,null,null,null,false
621,null,AFSI,38B z.,null,null,null,null,false
622,null,Witte,41A b.,null,null,null,null,false
624,null,Others,51C c.,null,null,null,null,false
625,null,Mubea,51E c.,null,null,null,null,false
626,null,Scherdel,38C m.,null,null,null,null,false
627,null,Novares,39C h.,null,null,null,null,false
628,null,Witte,42C m.,null,null,null,null,false
629,null,Novares,39C z.,null,null,"[{""url"" : ""https://qjoovhagucdcaebgdmbx.supabase.co/storage/v1/object/public/mold-photos/navodky/629_00629_W25110_Verbindungshebel.pdf"", ""title"" : ""Návodka""}]",null,false
632,null,Novares,39C z.,null,null,"[{""url"" : ""https://qjoovhagucdcaebgdmbx.supabase.co/storage/v1/object/public/mold-photos/navodky/632_00632_W25105_Kamm_Seite_Mitte.pdf"", ""title"" : ""Návodka""}]",null,false
633,null,Novares,39C z.,null,null,"[{""url"" : ""https://qjoovhagucdcaebgdmbx.supabase.co/storage/v1/object/public/mold-photos/navodky/633_00633_W25109_Schwenkhebel_Seite_Mitte.pdf"", ""title"" : ""Návodka""}]",null,false
634,null,Škoda,48C b.,null,null,"[{""url"" : ""https://qjoovhagucdcaebgdmbx.supabase.co/storage/v1/object/public/mold-photos/navodky/634_Kryt_stredniho_loziska_00634.pdf"", ""title"" : ""Červená""}]",null,false
635,null,Mubea,51E c.,,null,null,null,false
636,null,Scherdel,38B m.,null,null,null,null,false
64,null,Škoda,48A b.,null,null,null,null,false
640,null,Scherdel,38C m.,null,null,"[{""url"" : ""https://qjoovhagucdcaebgdmbx.supabase.co/storage/v1/object/public/mold-photos/navodky/640_Fixing_clip_00640.pdf"", ""title"" : ""Návodka""}]",null,false
641,null,Škoda,48C b.,null,null,"[{""url"" : ""https://qjoovhagucdcaebgdmbx.supabase.co/storage/v1/object/public/mold-photos/navodky/641_Kryt_ovladaci_paky_00641.pdf"", ""title"" : ""Návodka""}]",null,false
642,null,Witte,41A c.,null,null,"[{""url"" : ""https://qjoovhagucdcaebgdmbx.supabase.co/storage/v1/object/public/mold-photos/navodky/642_Gehause_00642.pdf"", ""title"" : ""Návodka""}]",null,false
645,null,Škoda,47B z.,null,null,"[{""url"" : ""https://qjoovhagucdcaebgdmbx.supabase.co/storage/v1/object/public/mold-photos/navodky/645_00645_Kryt_vnitrni_uplny_L_R_00645.pdf"", ""title"" : ""Návodka""}, {""url"" : ""https://qjoovhagucdcaebgdmbx.supabase.co/storage/v1/object/public/mold-photos/navodky/645_Kryt_vnitrni_uplny_L_R_00645.pdf"", ""title"" : ""Navodka_alt""}]",null,false
646,null,Škoda,48A z.,null,null,"[{""url"" : ""https://qjoovhagucdcaebgdmbx.supabase.co/storage/v1/object/public/mold-photos/navodky/646_00646_Miska_2tl._LL_00646.pdf"", ""title"" : ""Návodka""}, {""url"" : ""https://qjoovhagucdcaebgdmbx.supabase.co/storage/v1/object/public/mold-photos/navodky/646_Miska_2tl._00646.pdf"", ""title"" : ""Navodka_alt""}]",null,false
647,null,Škoda,48A z.,null,null,"[{""url"" : ""https://qjoovhagucdcaebgdmbx.supabase.co/storage/v1/object/public/mold-photos/navodky/647_00647_Miska_2tl._RL_00647.pdf"", ""title"" : ""Návodka""}]",null,false
648,null,Škoda,49A m.,null,null,"[{""url"" : ""https://qjoovhagucdcaebgdmbx.supabase.co/storage/v1/object/public/mold-photos/navodky/648_00648_Miska_4tl._00648.pdf"", ""title"" : ""Návodka""}, {""url"" : ""https://qjoovhagucdcaebgdmbx.supabase.co/storage/v1/object/public/mold-photos/navodky/648_Miska_4tl._00648.pdf"", ""title"" : ""Navodka_alt""}]",null,false
649,null,Škoda,49C h.,null,null,"[{""url"" : ""https://qjoovhagucdcaebgdmbx.supabase.co/storage/v1/object/public/mold-photos/navodky/649_00649_Miska_4tl._RL_00649.pdf"", ""title"" : ""Návodka""}]",null,false
65,null,Škoda,48A b.,null,null,null,null,false
650,null,Škoda,51F c.,null,null,"[{""url"" : ""https://qjoovhagucdcaebgdmbx.supabase.co/storage/v1/object/public/mold-photos/navodky/650_00650_Miska_1tl._00650.pdf"", ""title"" : ""Návodka""}, {""url"" : ""https://qjoovhagucdcaebgdmbx.supabase.co/storage/v1/object/public/mold-photos/navodky/650_Miska_1tl._00650.pdf"", ""title"" : ""Navodka_alt""}]",null,false
651,null,Škoda,48C m.,,null,"[{""url"" : ""https://qjoovhagucdcaebgdmbx.supabase.co/storage/v1/object/public/mold-photos/navodky/651_00651_Miska_1tl._RL_00651.pdf"", ""title"" : ""Návodka""}]",null,false
652,null,Škoda,48B z.,null,null,"[{""url"" : ""https://qjoovhagucdcaebgdmbx.supabase.co/storage/v1/object/public/mold-photos/navodky/652_00652_Kryt_vnitrni_uplny_L_R_Crossover_00652.pdf"", ""title"" : ""Návodka""}]",null,false
653,null,Škoda,48B z.,null,null,"[{""url"" : ""https://qjoovhagucdcaebgdmbx.supabase.co/storage/v1/object/public/mold-photos/navodky/653_00653_Miska_1tl._zadni_L_R_00653.pdf"", ""title"" : ""Návodka""}, {""url"" : ""https://qjoovhagucdcaebgdmbx.supabase.co/storage/v1/object/public/mold-photos/navodky/653_Miska_1tl._zadni_L_R_00653.pdf"", ""title"" : ""Navodka_alt""}]",null,false
654,null,Škoda,48C m.,null,null,"[{""url"" : ""https://qjoovhagucdcaebgdmbx.supabase.co/storage/v1/object/public/mold-photos/navodky/654_00654_Miska_ovl._5._dveri_LL_00654.pdf"", ""title"" : ""Návodka""}, {""url"" : ""https://qjoovhagucdcaebgdmbx.supabase.co/storage/v1/object/public/mold-photos/navodky/654_Miska_ovladani_5_dv._LL_00654.pdf"", ""title"" : ""Navodka_alt""}]",null,false
655,null,Škoda,49C m.,null,null,"[{""url"" : ""https://qjoovhagucdcaebgdmbx.supabase.co/storage/v1/object/public/mold-photos/navodky/655_00655_Krytka_drzadla_zadni_L_R_00655.pdf"", ""title"" : ""Návodka""}, {""url"" : ""https://qjoovhagucdcaebgdmbx.supabase.co/storage/v1/object/public/mold-photos/navodky/655_Krytka_drzadla_zadni_L_R_00655.pdf"", ""title"" : ""Navodka_alt""}]",null,false
656,null,Škoda,47B c.,null,null,"[{""url"" : ""https://qjoovhagucdcaebgdmbx.supabase.co/storage/v1/object/public/mold-photos/navodky/656_00656_Miska_ovl._5._dveri_RL_00656.pdf"", ""title"" : ""Návodka""}]",null,false
657,null,Škoda,48A m.,null,null,"[{""url"" : ""https://qjoovhagucdcaebgdmbx.supabase.co/storage/v1/object/public/mold-photos/navodky/657_Ploutev_-_nosny_dil_00657.pdf"", ""title"" : ""Návodka""}, {""url"" : ""https://qjoovhagucdcaebgdmbx.supabase.co/storage/v1/object/public/mold-photos/navodky/657_Ploutev-Nosny_dil_00657.pdf"", ""title"" : ""Navodka_alt""}]",null,false
658,null,Škoda,49A č.,null,null,"[{""url"" : ""https://qjoovhagucdcaebgdmbx.supabase.co/storage/v1/object/public/mold-photos/navodky/658_Ploutev_-_Vzhledovy_dil_L_R_00658.pdf"", ""title"" : ""Návodka""}, {""url"" : ""https://qjoovhagucdcaebgdmbx.supabase.co/storage/v1/object/public/mold-photos/navodky/658_Ploutev_L_R_00658.pdf"", ""title"" : ""Navodka_alt""}]",null,false
660,null,Škoda,48A m.,null,null,"[{""url"" : ""https://qjoovhagucdcaebgdmbx.supabase.co/storage/v1/object/public/mold-photos/navodky/660_Housing_-_Horni_dil_00660.pdf"", ""title"" : ""Návodka""}]",null,false
661,null,Škoda,49A c.,null,null,"[{""url"" : ""https://qjoovhagucdcaebgdmbx.supabase.co/storage/v1/object/public/mold-photos/navodky/661_Housing_-_Spodni_dil_00661.pdf"", ""title"" : ""Návodka""}]",null,false
662,null,Škoda,47C m.,null,null,"[{""url"" : ""https://qjoovhagucdcaebgdmbx.supabase.co/storage/v1/object/public/mold-photos/navodky/662_Housing_-_Klapka_00662.pdf"", ""title"" : ""Návodka""}, {""url"" : ""https://qjoovhagucdcaebgdmbx.supabase.co/storage/v1/object/public/mold-photos/navodky/662_Housing_Klapka_00662.pdf"", ""title"" : ""Navodka_alt""}]",null,false
664,null,Škoda,47C m.,null,null,"[{""url"" : ""https://qjoovhagucdcaebgdmbx.supabase.co/storage/v1/object/public/mold-photos/navodky/664_Koncovka_-_krytka_L_R_00664.pdf"", ""title"" : ""Návodka""}, {""url"" : ""https://qjoovhagucdcaebgdmbx.supabase.co/storage/v1/object/public/mold-photos/navodky/664_Koncovka_-_krytka_L_R_00664_1420.pdf"", ""title"" : ""Navodka_alt""}, {""url"" : ""https://qjoovhagucdcaebgdmbx.supabase.co/storage/v1/object/public/mold-photos/navodky/664_Koncovka_-_krytka_L_R_00664_1526.pdf"", ""title"" : ""Návodka 3""}]",null,false
665,null,Škoda,47B m.,null,null,"[{""url"" : ""https://qjoovhagucdcaebgdmbx.supabase.co/storage/v1/object/public/mold-photos/navodky/665_Koncovka_-_nosny_dil_00665.pdf"", ""title"" : ""Návodka""}, {""url"" : ""https://qjoovhagucdcaebgdmbx.supabase.co/storage/v1/object/public/mold-photos/navodky/665_Nosny_dil_00665.pdf"", ""title"" : ""Navodka_alt""}]",null,false
667,null,Scherdel,38C b.,null,null,"[{""url"" : ""https://qjoovhagucdcaebgdmbx.supabase.co/storage/v1/object/public/mold-photos/navodky/667_Ventil_mini_16x_vakuum_blau_bez_skla_00667.pdf"", ""title"" : ""Modrá""}, {""url"" : ""https://qjoovhagucdcaebgdmbx.supabase.co/storage/v1/object/public/mold-photos/navodky/667_Ventil_mini_16x_vakuum_grun_00667.pdf"", ""title"" : ""Zelená""}, {""url"" : ""https://qjoovhagucdcaebgdmbx.supabase.co/storage/v1/object/public/mold-photos/navodky/667_Ventil_mini_16x_vakuum_rot_00667.pdf"", ""title"" : ""Návodka 3""}]",null,false
668,null,Scherdel,38C m.,null,null,"[{""url"" : ""https://qjoovhagucdcaebgdmbx.supabase.co/storage/v1/object/public/mold-photos/navodky/668_Ventil_velky_modry_8x_vakuum_00668.pdf"", ""title"" : ""Modrá""}, {""url"" : ""https://qjoovhagucdcaebgdmbx.supabase.co/storage/v1/object/public/mold-photos/navodky/668_Ventil_velky_zeleny_8x_vakuum_00668.pdf"", ""title"" : ""Zelená""}, {""url"" : ""https://qjoovhagucdcaebgdmbx.supabase.co/storage/v1/object/public/mold-photos/navodky/668_Ventil_velky_cerny_8x_vakuum_00668.pdf"", ""title"" : ""Černá""}, {""url"" : ""https://qjoovhagucdcaebgdmbx.supabase.co/storage/v1/object/public/mold-photos/navodky/668_Ventil_velky_cerveny_8x_vakuum_00668.pdf"", ""title"" : ""Červená""}]",null,false
669,null,Witte,43C m.,null,null,"[{""url"" : ""https://qjoovhagucdcaebgdmbx.supabase.co/storage/v1/object/public/mold-photos/navodky/669_Buchse_00669.pdf"", ""title"" : ""Návodka""}]",null,false
670,null,Witte,43A z.,null,null,"[{""url"" : ""https://qjoovhagucdcaebgdmbx.supabase.co/storage/v1/object/public/mold-photos/navodky/670_Dichtung_vorne_00670.pdf"", ""title"" : ""Návodka""}]",null,false
671,null,Witte,42C b.,null,null,"[{""url"" : ""https://qjoovhagucdcaebgdmbx.supabase.co/storage/v1/object/public/mold-photos/navodky/671_Hebel_Zylinder_00671.pdf"", ""title"" : ""Návodka""}]",null,false
672,null,Witte,43A z.,null,null,"[{""url"" : ""https://qjoovhagucdcaebgdmbx.supabase.co/storage/v1/object/public/mold-photos/navodky/672_Flaphalter_5DR_FRT_LH_RH_00672.pdf"", ""title"" : ""Návodka""}]",null,false
677,null,Witte,42C b.,null,null,"[{""url"" : ""https://qjoovhagucdcaebgdmbx.supabase.co/storage/v1/object/public/mold-photos/navodky/677_Fuhrungsstuck_Crafter_00677.pdf"", ""title"" : ""Návodka""}]",null,false
678,null,Witte,42A c.,null,null,"[{""url"" : ""https://qjoovhagucdcaebgdmbx.supabase.co/storage/v1/object/public/mold-photos/navodky/678_Achse_Crafter_00678.pdf"", ""title"" : ""Návodka""}]",null,false
679,null,Witte,42A c.,null,null,"[{""url"" : ""https://qjoovhagucdcaebgdmbx.supabase.co/storage/v1/object/public/mold-photos/navodky/679_Klammer_RT_Crafter_00679.pdf"", ""title"" : ""Návodka""}]",null,false
680,null,Witte,43A č.,null,null,"[{""url"" : ""https://qjoovhagucdcaebgdmbx.supabase.co/storage/v1/object/public/mold-photos/navodky/680_Dummy_Zylinder_00680.pdf"", ""title"" : ""Návodka""}]",null,false
681,null,Witte,43A z.,null,null,"[{""url"" : ""https://qjoovhagucdcaebgdmbx.supabase.co/storage/v1/object/public/mold-photos/navodky/681_Flaphalter_hinten_LH_RH_00681.pdf"", ""title"" : ""Návodka""}]",null,false
682,null,Witte,43C m.,null,null,"[{""url"" : ""https://qjoovhagucdcaebgdmbx.supabase.co/storage/v1/object/public/mold-photos/navodky/682_Abdeckung_RH_00682.pdf"", ""title"" : ""Návodka""}]",null,false
683,null,Ideal,45B h.,null,null,"[{""url"" : ""https://qjoovhagucdcaebgdmbx.supabase.co/storage/v1/object/public/mold-photos/navodky/683_Fuhrungsleiste_LH_RH_WZ437_683.pdf"", ""title"" : ""Návodka""}]",null,false
684,null,Ideal,45C h.,null,null,null,null,false
685,null,Ideal,45B c.,null,null,null,null,false
686,null,Witte,43A c.,null,null,"[{""url"" : ""https://qjoovhagucdcaebgdmbx.supabase.co/storage/v1/object/public/mold-photos/navodky/686_Buchse_00686.pdf"", ""title"" : ""Návodka""}]",null,false
687,null,Witte,43A c.,null,null,null,null,false
688,null,Ideal,45B z.,null,null,"[{""url"" : ""https://qjoovhagucdcaebgdmbx.supabase.co/storage/v1/object/public/mold-photos/navodky/688_Ablage_SK326_WZ485_688.pdf"", ""title"" : ""Návodka""}]",null,false
689,null,Ideal,45C z.,null,null,"[{""url"" : ""https://qjoovhagucdcaebgdmbx.supabase.co/storage/v1/object/public/mold-photos/navodky/689_Ablage_SK326_WZ436_689.pdf"", ""title"" : ""Návodka""}]",null,false
691,null,Witte,43C z.,null,null,"[{""url"" : ""https://qjoovhagucdcaebgdmbx.supabase.co/storage/v1/object/public/mold-photos/navodky/691_Austellhebel_L_R_00691.pdf"", ""title"" : ""Návodka""}]",null,false
694,null,Witte,43B z.,null,null,"[{""url"" : ""https://qjoovhagucdcaebgdmbx.supabase.co/storage/v1/object/public/mold-photos/navodky/694_Ausloesehebel_L_R_00694.pdf"", ""title"" : ""Návodka""}]",null,false
697,null,Others,44C m.,null,null,"[{""url"" : ""https://qjoovhagucdcaebgdmbx.supabase.co/storage/v1/object/public/mold-photos/navodky/697_Hinge_Bearing_00697.pdf"", ""title"" : ""Návodka""}]",null,false
698,null,Witte,42C m.,null,null,"[{""url"" : ""https://qjoovhagucdcaebgdmbx.supabase.co/storage/v1/object/public/mold-photos/navodky/698_Sperrhaken_GOB_Li_00698.pdf"", ""title"" : ""Návodka""}]",null,false
699,null,Witte,42C m.,null,null,"[{""url"" : ""https://qjoovhagucdcaebgdmbx.supabase.co/storage/v1/object/public/mold-photos/navodky/699_Sperrhaken_GOB_Re_00699.pdf"", ""title"" : ""Návodka""}]",null,false
70,null,Others,44C h.,null,null,null,null,false
700,null,Witte,42A m.,null,null,"[{""url"" : ""https://qjoovhagucdcaebgdmbx.supabase.co/storage/v1/object/public/mold-photos/navodky/700_Beteatigungshebel_00700.pdf"", ""title"" : ""Návodka""}]",null,false
701,null,Witte,42A b.,null,null,null,null,false
703,null,Scherdel,38C m.,null,null,"[{""url"" : ""https://qjoovhagucdcaebgdmbx.supabase.co/storage/v1/object/public/mold-photos/navodky/703_Ventil_maly_modry_US_16x_00703.pdf"", ""title"" : ""Modrá""}, {""url"" : ""https://qjoovhagucdcaebgdmbx.supabase.co/storage/v1/object/public/mold-photos/navodky/703_Ventil_maly_zeleny_US_16x_00703.pdf"", ""title"" : ""Zelená""}, {""url"" : ""https://qjoovhagucdcaebgdmbx.supabase.co/storage/v1/object/public/mold-photos/navodky/703_Ventil_maly_cerny_US_16x_00703.pdf"", ""title"" : ""Černá""}, {""url"" : ""https://qjoovhagucdcaebgdmbx.supabase.co/storage/v1/object/public/mold-photos/navodky/703_Ventil_maly_cerveny_US_16x_00703.pdf"", ""title"" : ""Červená""}, {""url"" : ""https://qjoovhagucdcaebgdmbx.supabase.co/storage/v1/object/public/mold-photos/navodky/703_Ventil_maly_sedy_US_16x_00703.pdf"", ""title"" : ""Šedá""}]",null,false
706,null,Novares,39B m.,null,null,"[{""url"" : ""https://qjoovhagucdcaebgdmbx.supabase.co/storage/v1/object/public/mold-photos/navodky/706_Steuerhebel_lever_W25305_00706.pdf"", ""title"" : ""Návodka""}]",null,false
710,null,Novares,39B m.,null,null,"[{""url"" : ""https://qjoovhagucdcaebgdmbx.supabase.co/storage/v1/object/public/mold-photos/navodky/710_Traeger_Schloss_W26106_00710.pdf"", ""title"" : ""Návodka""}]",null,false
711,null,Novares,39B m.,null,null,"[{""url"" : ""https://qjoovhagucdcaebgdmbx.supabase.co/storage/v1/object/public/mold-photos/navodky/711_Gehause_Bedieneinheit_Handschuhfach_W26105_00711.pdf"", ""title"" : ""Návodka""}]",null,false
714,null,Novares,39C z.,null,null,"[{""url"" : ""https://qjoovhagucdcaebgdmbx.supabase.co/storage/v1/object/public/mold-photos/navodky/714_Griff_Bedieneinheite_beige_W26103_00714.pdf"", ""title"" : ""Návodka""}, {""url"" : ""https://qjoovhagucdcaebgdmbx.supabase.co/storage/v1/object/public/mold-photos/navodky/714_Griff_Bedieneinheite_schwarz_W26103_00714.pdf"", ""title"" : ""Navodka_alt""}]",null,false
715,null,Novares,39A b.,null,null,"[{""url"" : ""https://qjoovhagucdcaebgdmbx.supabase.co/storage/v1/object/public/mold-photos/navodky/715_Griff_Bedieneinheite_beige_W26104_00715.pdf"", ""title"" : ""Návodka""}, {""url"" : ""https://qjoovhagucdcaebgdmbx.supabase.co/storage/v1/object/public/mold-photos/navodky/715_Griff_Bedieneinheite_schwarz_W26104_00715.pdf"", ""title"" : ""Navodka_alt""}]",null,false
718,null,Witte,42B m.,null,null,"[{""url"" : ""https://qjoovhagucdcaebgdmbx.supabase.co/storage/v1/object/public/mold-photos/navodky/718_Rukav_Levy_00718.pdf"", ""title"" : ""Návodka""}]",null,false
719,null,Witte,42B m.,null,null,"[{""url"" : ""https://qjoovhagucdcaebgdmbx.supabase.co/storage/v1/object/public/mold-photos/navodky/719_Viko_-_Fanglager_00719.pdf"", ""title"" : ""Návodka""}]",null,false
722,null,Witte,43B m.,null,null,null,null,false
723,null,Witte,42B m.,null,null,"[{""url"" : ""https://qjoovhagucdcaebgdmbx.supabase.co/storage/v1/object/public/mold-photos/navodky/723_Rear_Pulley_00723.pdf"", ""title"" : ""Návodka""}]",null,false
724,null,Witte,43C c.,null,null,"[{""url"" : ""https://qjoovhagucdcaebgdmbx.supabase.co/storage/v1/object/public/mold-photos/navodky/724_Kappe_01072325015_01072327015_00724.pdf"", ""title"" : ""Návodka""}]",null,false
725,null,Witte,43C c.,null,null,"[{""url"" : ""https://qjoovhagucdcaebgdmbx.supabase.co/storage/v1/object/public/mold-photos/navodky/725_Kappe_01072360014_01072361014_00725.pdf"", ""title"" : ""Návodka""}]",null,false
727,null,Witte,42B m.,null,null,"[{""url"" : ""https://qjoovhagucdcaebgdmbx.supabase.co/storage/v1/object/public/mold-photos/navodky/727_Paka_cylindru_00727.pdf"", ""title"" : ""Návodka""}]",null,false
728,null,Witte,42A b.,null,null,"[{""url"" : ""https://qjoovhagucdcaebgdmbx.supabase.co/storage/v1/object/public/mold-photos/navodky/728_Zapadka_Li_00728.pdf"", ""title"" : ""Návodka""}]",null,false
729,null,Witte,42A b.,null,null,"[{""url"" : ""https://qjoovhagucdcaebgdmbx.supabase.co/storage/v1/object/public/mold-photos/navodky/729_Zapadka_Re_00729.pdf"", ""title"" : ""Návodka""}]",null,false
730,null,Witte,43A m.,null,null,"[{""url"" : ""https://qjoovhagucdcaebgdmbx.supabase.co/storage/v1/object/public/mold-photos/navodky/730_BMW_Softouch_Lever_00730.pdf"", ""title"" : ""Návodka""}]",null,false
731,null,Witte,41C z.,null,null,"[{""url"" : ""https://qjoovhagucdcaebgdmbx.supabase.co/storage/v1/object/public/mold-photos/navodky/731_00731_Gleitstucke_MKS_L_R.pdf"", ""title"" : ""Návodka""}]",null,false
732,null,Witte,43A z.,null,null,"[{""url"" : ""https://qjoovhagucdcaebgdmbx.supabase.co/storage/v1/object/public/mold-photos/navodky/732_00732_Abdeckung_LH_RH.pdf"", ""title"" : ""Návodka""}]",null,false
733,null,Witte,43A m.,null,null,"[{""url"" : ""https://qjoovhagucdcaebgdmbx.supabase.co/storage/v1/object/public/mold-photos/navodky/733_Kisi_kuplung_II_00733.pdf"", ""title"" : ""Návodka""}]",null,false
734,null,Witte,43B z.,null,null,"[{""url"" : ""https://qjoovhagucdcaebgdmbx.supabase.co/storage/v1/object/public/mold-photos/navodky/734_Cover_L_00734.pdf"", ""title"" : ""Návodka""}]",null,false
735,null,Witte,43C z.,null,null,"[{""url"" : ""https://qjoovhagucdcaebgdmbx.supabase.co/storage/v1/object/public/mold-photos/navodky/735_Cover_R_00735.pdf"", ""title"" : ""Návodka""}]",null,false
736,null,Ideal,45B b.,null,null,"[{""url"" : ""https://qjoovhagucdcaebgdmbx.supabase.co/storage/v1/object/public/mold-photos/navodky/736_Retainer_Hinten_L_R_00736.pdf"", ""title"" : ""Návodka""}]",null,false
737,null,Ideal,45B c.,null,null,"[{""url"" : ""https://qjoovhagucdcaebgdmbx.supabase.co/storage/v1/object/public/mold-photos/navodky/737_Retainer_Vorne_L_R_00737.pdf"", ""title"" : ""Návodka""}]",null,false
738,null,Scherdel,37B m.,null,null,null,null,false
739,null,AFSI,37B z.,null,null,null,null,false
740,null,Škoda,47B c.,null,null,"[{""url"" : ""https://qjoovhagucdcaebgdmbx.supabase.co/storage/v1/object/public/mold-photos/navodky/740_Prepazka_2_00740.pdf"", ""title"" : ""Návodka""}]",null,false
741,null,Škoda,49D h.,null,null,"[{""url"" : ""https://qjoovhagucdcaebgdmbx.supabase.co/storage/v1/object/public/mold-photos/navodky/741_Upevnovaci_hacek_00741.pdf"", ""title"" : ""Návodka""}]",null,false
742,null,Škoda,47C m.,null,null,"[{""url"" : ""https://qjoovhagucdcaebgdmbx.supabase.co/storage/v1/object/public/mold-photos/navodky/742_Abdeckkappe_00742.pdf"", ""title"" : ""Návodka""}]",null,false
745,null,Witte,42A z.,null,null,"[{""url"" : ""https://qjoovhagucdcaebgdmbx.supabase.co/storage/v1/object/public/mold-photos/navodky/745_Dichtung_00745.pdf"", ""title"" : ""Návodka""}]",null,false
746,null,Škoda,51C c.,null,null,"[{""url"" : ""https://qjoovhagucdcaebgdmbx.supabase.co/storage/v1/object/public/mold-photos/navodky/746_Kryt_vnitrni_manual_L_R_00746.pdf"", ""title"" : ""Návodka""}]",null,false
747,null,Škoda,52A c.,null,null,"[{""url"" : ""https://qjoovhagucdcaebgdmbx.supabase.co/storage/v1/object/public/mold-photos/navodky/747_Kryt_vnitrni_elektro_L_R_00747.pdf"", ""title"" : ""Návodka""}]",null,false
748,null,Škoda,49B m.,null,null,"[{""url"" : ""https://qjoovhagucdcaebgdmbx.supabase.co/storage/v1/object/public/mold-photos/navodky/748_Miska_drzadla_zadni_L_R_00748.pdf"", ""title"" : ""Návodka""}]",null,false
749,null,Škoda,49B m.,null,null,"[{""url"" : ""https://qjoovhagucdcaebgdmbx.supabase.co/storage/v1/object/public/mold-photos/navodky/749_Krytka_zadni_L_R_00749.pdf"", ""title"" : ""Návodka""}]",null,false
750,null,Škoda,51G c.,null,null,"[{""url"" : ""https://qjoovhagucdcaebgdmbx.supabase.co/storage/v1/object/public/mold-photos/navodky/750_Miska_2tl._LL_00750.pdf"", ""title"" : ""Návodka""}]",null,false
751,null,Škoda,52C z.,,,"[{""url"" : ""https://qjoovhagucdcaebgdmbx.supabase.co/storage/v1/object/public/mold-photos/navodky/751_Miska_2tl._LL_joystick_00751.pdf"", ""title"" : ""Návodka""}]",null,false
752,null,Škoda,52B z.,null,null,"[{""url"" : ""https://qjoovhagucdcaebgdmbx.supabase.co/storage/v1/object/public/mold-photos/navodky/752_Miska_4tl._LL_00752.pdf"", ""title"" : ""Návodka""}]",null,false
753,null,Škoda,52C z.,,null,"[{""url"" : ""https://qjoovhagucdcaebgdmbx.supabase.co/storage/v1/object/public/mold-photos/navodky/753_Miska_1tl._LL_00753.pdf"", ""title"" : ""Návodka""}]",null,false
754,null,Škoda,51A c.,null,null,"[{""url"" : ""https://qjoovhagucdcaebgdmbx.supabase.co/storage/v1/object/public/mold-photos/navodky/754_Miska_2tl._RL_00754.pdf"", ""title"" : ""Návodka""}]",null,false
755,null,Škoda,50A z.,null,null,"[{""url"" : ""https://qjoovhagucdcaebgdmbx.supabase.co/storage/v1/object/public/mold-photos/navodky/755_Miska_2tl._RL_joystick_00755.pdf"", ""title"" : ""Návodka""}]",null,false
756,null,Škoda,50A z.,null,null,"[{""url"" : ""https://qjoovhagucdcaebgdmbx.supabase.co/storage/v1/object/public/mold-photos/navodky/756_Miska_4tl._RL_joystick_00756.pdf"", ""title"" : ""Návodka""}]",null,false
757,null,Škoda,50B z.,null,null,"[{""url"" : ""https://qjoovhagucdcaebgdmbx.supabase.co/storage/v1/object/public/mold-photos/navodky/757_Miska_1tl._RL_00757.pdf"", ""title"" : ""Návodka""}]",null,false
758,null,Others,44B m.,null,null,"[{""url"" : ""https://qjoovhagucdcaebgdmbx.supabase.co/storage/v1/object/public/mold-photos/navodky/758_Auflage_Hutablage_00758.pdf"", ""title"" : ""Návodka""}]",null,false
76,null,Others,44C m.,null,null,null,null,false
761,null,Škoda,48A c.,null,null,null,null,false
762,null,Škoda,47C b.,null,null,"[{""url"" : ""https://qjoovhagucdcaebgdmbx.supabase.co/storage/v1/object/public/mold-photos/navodky/762_Ventil_-_spodni_dil_-_nova_forma_II_00762.pdf"", ""title"" : ""Návodka""}]",null,false
763,null,Scherdel,38C b.,null,null,"[{""url"" : ""https://qjoovhagucdcaebgdmbx.supabase.co/storage/v1/object/public/mold-photos/navodky/763_Securing_Piston_00763.pdf"", ""title"" : ""Návodka""}]",null,false
764,null,Škoda,48B b.,null,null,"[{""url"" : ""https://qjoovhagucdcaebgdmbx.supabase.co/storage/v1/object/public/mold-photos/navodky/764_Odpadkovy_kos_-_Viko_-_Beige_00764.pdf"", ""title"" : ""Návodka""}, {""url"" : ""https://qjoovhagucdcaebgdmbx.supabase.co/storage/v1/object/public/mold-photos/navodky/764_Odpadkovy_kos_-_Viko_-_Satinschwarz_00764.pdf"", ""title"" : ""Navodka_alt""}]",null,false
765,null,Škoda,48B m.,null,null,"[{""url"" : ""https://qjoovhagucdcaebgdmbx.supabase.co/storage/v1/object/public/mold-photos/navodky/765_Odpadkovy_kos-pevny_dil_Satinschwarz_00765.pdf"", ""title"" : ""Návodka""}, {""url"" : ""https://qjoovhagucdcaebgdmbx.supabase.co/storage/v1/object/public/mold-photos/navodky/765_Odpadkovy_kos-pevny_dil_WC4_00765.pdf"", ""title"" : ""Navodka_alt""}]",null,false
766,null,Škoda,49A m.,null,null,"[{""url"" : ""https://qjoovhagucdcaebgdmbx.supabase.co/storage/v1/object/public/mold-photos/navodky/766_Odpadkovy_kos-Zajistovaci_dil_00766.pdf"", ""title"" : ""Návodka""}]",null,false
767,null,Scherdel,37B m.,null,null,"[{""url"" : ""https://qjoovhagucdcaebgdmbx.supabase.co/storage/v1/object/public/mold-photos/navodky/767_Ventil_maly_lila_16x_vakuum_00767.pdf"", ""title"" : ""Fialová""}, {""url"" : ""https://qjoovhagucdcaebgdmbx.supabase.co/storage/v1/object/public/mold-photos/navodky/767_Ventil_maly_modry_16x_vakuum_00767.pdf"", ""title"" : ""Modrá""}, {""url"" : ""https://qjoovhagucdcaebgdmbx.supabase.co/storage/v1/object/public/mold-photos/navodky/767_Ventil_maly_oranzovy_16x_vakuum_00767.pdf"", ""title"" : ""Oranžová""}, {""url"" : ""https://qjoovhagucdcaebgdmbx.supabase.co/storage/v1/object/public/mold-photos/navodky/767_Ventil_maly_tyrkysovy_16x_vakuum_00767.pdf"", ""title"" : ""Tyrkysová""}, {""url"" : ""https://qjoovhagucdcaebgdmbx.supabase.co/storage/v1/object/public/mold-photos/navodky/767_Ventil_maly_zeleny_16x_vakuum_00767.pdf"", ""title"" : ""Zelená""}, {""url"" : ""https://qjoovhagucdcaebgdmbx.supabase.co/storage/v1/object/public/mold-photos/navodky/767_Ventil_maly_cerny_16x_vakuum_00767.pdf"", ""title"" : ""Černá""}, {""url"" : ""https://qjoovhagucdcaebgdmbx.supabase.co/storage/v1/object/public/mold-photos/navodky/767_Ventil_maly_cerveny_16x_vakuum_00767.pdf"", ""title"" : ""Červená""}, {""url"" : ""https://qjoovhagucdcaebgdmbx.supabase.co/storage/v1/object/public/mold-photos/navodky/767_Ventil_maly_sedy_16x_vakuum_00767.pdf"", ""title"" : ""Šedá""}, {""url"" : ""https://qjoovhagucdcaebgdmbx.supabase.co/storage/v1/object/public/mold-photos/navodky/767_Ventil_maly_zluty_16x_vakuum_00767.pdf"", ""title"" : ""Žlutá""}]",null,false
768,null,Scherdel,37A b.,null,null,"[{""url"" : ""https://qjoovhagucdcaebgdmbx.supabase.co/storage/v1/object/public/mold-photos/navodky/768_Ventil_mini_32x_vakuum_00768.pdf"", ""title"" : ""Návodka""}]",null,false
769,null,Scherdel,38A c.,null,null,"[{""url"" : ""https://qjoovhagucdcaebgdmbx.supabase.co/storage/v1/object/public/mold-photos/navodky/769_Ventil_mini_32x_vakuum_00769.pdf"", ""title"" : ""Návodka""}]",null,false
770,null,Scherdel,38B c.,null,null,"[{""url"" : ""https://qjoovhagucdcaebgdmbx.supabase.co/storage/v1/object/public/mold-photos/navodky/770_Ventil_maly_32x_vakuum_zeleny_00770.pdf"", ""title"" : ""Zelená""}]",null,false
771,null,Scherdel,38B c.,null,null,"[{""url"" : ""https://qjoovhagucdcaebgdmbx.supabase.co/storage/v1/object/public/mold-photos/navodky/771_Ventil_maly_32x_vakuum_lila_00771.pdf"", ""title"" : ""Fialová""}, {""url"" : ""https://qjoovhagucdcaebgdmbx.supabase.co/storage/v1/object/public/mold-photos/navodky/771_Ventil_maly_32x_vakuum_cerny_00771.pdf"", ""title"" : ""Černá""}]",null,false
772,null,Scherdel,38C c.,null,null,"[{""url"" : ""https://qjoovhagucdcaebgdmbx.supabase.co/storage/v1/object/public/mold-photos/navodky/772_Ventil_maly_16x_Ericaviolet_00772.pdf"", ""title"" : ""Návodka""}]",null,false
773,null,Scherdel,38C c.,null,null,"[{""url"" : ""https://qjoovhagucdcaebgdmbx.supabase.co/storage/v1/object/public/mold-photos/navodky/773_Ventil_maly_16x_Ericaviolet_00773.pdf"", ""title"" : ""Návodka""}]",null,false
776,null,Scherdel,38A b.,null,null,"[{""url"" : ""https://qjoovhagucdcaebgdmbx.supabase.co/storage/v1/object/public/mold-photos/navodky/776_Ventil_velky_cerny_USA_00776.pdf"", ""title"" : ""Černá""}]",null,false
78,null,Ideal,45C b.,null,null,null,null,false
786,null,Others,38A c.,null,null,null,null,false
787,null,Others,37B c.,null,null,null,null,false
788,null,Scherdel,38C c.,null,null,"[{""url"" : ""https://qjoovhagucdcaebgdmbx.supabase.co/storage/v1/object/public/mold-photos/navodky/788_Ventil_maly_fialovy_16x_vakuum_00788.pdf"", ""title"" : ""Návodka""}, {""url"" : ""https://qjoovhagucdcaebgdmbx.supabase.co/storage/v1/object/public/mold-photos/navodky/788_Ventil_maly_modry_16x_vakuum_00788.pdf"", ""title"" : ""Modrá""}, {""url"" : ""https://qjoovhagucdcaebgdmbx.supabase.co/storage/v1/object/public/mold-photos/navodky/788_Ventil_maly_oranzovy_16x_vakuum_00788.pdf"", ""title"" : ""Oranžová""}, {""url"" : ""https://qjoovhagucdcaebgdmbx.supabase.co/storage/v1/object/public/mold-photos/navodky/788_Ventil_maly_tyrkysovy_16x_vakuum_00788.pdf"", ""title"" : ""Tyrkysová""}, {""url"" : ""https://qjoovhagucdcaebgdmbx.supabase.co/storage/v1/object/public/mold-photos/navodky/788_Ventil_maly_zeleny_16x_vakuum_00788.pdf"", ""title"" : ""Zelená""}, {""url"" : ""https://qjoovhagucdcaebgdmbx.supabase.co/storage/v1/object/public/mold-photos/navodky/788_Ventil_maly_cerny_16x_vakuum_00788.pdf"", ""title"" : ""Černá""}, {""url"" : ""https://qjoovhagucdcaebgdmbx.supabase.co/storage/v1/object/public/mold-photos/navodky/788_Ventil_maly_cerveny_16x_vakuum_00788.pdf"", ""title"" : ""Červená""}, {""url"" : ""https://qjoovhagucdcaebgdmbx.supabase.co/storage/v1/object/public/mold-photos/navodky/788_Ventil_maly_sedy_16x_vakuum_00788.pdf"", ""title"" : ""Šedá""}, {""url"" : ""https://qjoovhagucdcaebgdmbx.supabase.co/storage/v1/object/public/mold-photos/navodky/788_Ventil_maly_zluty_16x_vakuum_00788.pdf"", ""title"" : ""Žlutá""}]",null,false
795,null,Witte,44A m.,null,null,"[{""url"" : ""https://qjoovhagucdcaebgdmbx.supabase.co/storage/v1/object/public/mold-photos/navodky/795_Umlenkhebel_GOB_L_R_00795.pdf"", ""title"" : ""Návodka""}]",null,false
799,null,Witte,44A m.,null,null,"[{""url"" : ""https://qjoovhagucdcaebgdmbx.supabase.co/storage/v1/object/public/mold-photos/navodky/799_Paddle_GOB_00799.pdf"", ""title"" : ""Návodka""}]",null,false
80,null,Ideal,45B m.,null,null,null,null,false
800,null,Witte,44B m.,null,null,"[{""url"" : ""https://qjoovhagucdcaebgdmbx.supabase.co/storage/v1/object/public/mold-photos/navodky/800_Bowdenzug_Abdeckung_00800.pdf"", ""title"" : ""Návodka""}]",null,false
803,null,Witte,43B h.,null,null,"[{""url"" : ""https://qjoovhagucdcaebgdmbx.supabase.co/storage/v1/object/public/mold-photos/navodky/803_Housing_SMC_00803.pdf"", ""title"" : ""Návodka""}]",null,false
804,null,Witte,43A h.,null,null,"[{""url"" : ""https://qjoovhagucdcaebgdmbx.supabase.co/storage/v1/object/public/mold-photos/navodky/804_Holder_SMC_00804.pdf"", ""title"" : ""Návodka""}]",null,false
805,null,Witte,43C h.,null,null,"[{""url"" : ""https://qjoovhagucdcaebgdmbx.supabase.co/storage/v1/object/public/mold-photos/navodky/805_Cap_Bottom_00805.pdf"", ""title"" : ""Návodka""}]",null,false
806,null,Witte,43A h.,null,null,"[{""url"" : ""https://qjoovhagucdcaebgdmbx.supabase.co/storage/v1/object/public/mold-photos/navodky/806_Driver_00806.pdf"", ""title"" : ""Návodka""}]",null,false
807,null,AFSI,36B z.,null,null,"[{""url"" : ""https://qjoovhagucdcaebgdmbx.supabase.co/storage/v1/object/public/mold-photos/navodky/807_Trubka_FR_4612_00807.pdf"", ""title"" : ""Návodka""}]",null,false
808,null,Witte,43C b.,null,null,"[{""url"" : ""https://qjoovhagucdcaebgdmbx.supabase.co/storage/v1/object/public/mold-photos/navodky/808_Housing_00808.pdf"", ""title"" : ""Návodka""}]",null,false
809,null,Witte,43A h.,null,null,"[{""url"" : ""https://qjoovhagucdcaebgdmbx.supabase.co/storage/v1/object/public/mold-photos/navodky/809_Cover_00809.pdf"", ""title"" : ""Návodka""}]",null,false
81,null,Ideal,44B m.,null,null,null,null,false
810,null,Scherdel,38A m.,null,null,"[{""url"" : ""https://qjoovhagucdcaebgdmbx.supabase.co/storage/v1/object/public/mold-photos/navodky/810_Ventil_maly_modry_US_16x_00810.pdf"", ""title"" : ""Modrá""}, {""url"" : ""https://qjoovhagucdcaebgdmbx.supabase.co/storage/v1/object/public/mold-photos/navodky/810_Ventil_maly_zeleny_US_16x_00810.pdf"", ""title"" : ""Zelená""}, {""url"" : ""https://qjoovhagucdcaebgdmbx.supabase.co/storage/v1/object/public/mold-photos/navodky/810_Ventil_maly_cerny_US_16x_00810.pdf"", ""title"" : ""Černá""}, {""url"" : ""https://qjoovhagucdcaebgdmbx.supabase.co/storage/v1/object/public/mold-photos/navodky/810_Ventil_maly_cerveny_US_16x_00810.pdf"", ""title"" : ""Červená""}, {""url"" : ""https://qjoovhagucdcaebgdmbx.supabase.co/storage/v1/object/public/mold-photos/navodky/810_Ventil_maly_sedy_US_16x_00810.pdf"", ""title"" : ""Šedá""}]",null,false
811,null,Witte,44A b.,null,null,"[{""url"" : ""https://qjoovhagucdcaebgdmbx.supabase.co/storage/v1/object/public/mold-photos/navodky/811_Screwholder_00811.pdf"", ""title"" : ""Návodka""}]",null,false
812,null,Witte,44B b.,null,null,"[{""url"" : ""https://qjoovhagucdcaebgdmbx.supabase.co/storage/v1/object/public/mold-photos/navodky/812_Stellhebel_00812.pdf"", ""title"" : ""Návodka""}]",null,false
813,null,Scherdel,38C c.,null,null,"[{""url"" : ""https://qjoovhagucdcaebgdmbx.supabase.co/storage/v1/object/public/mold-photos/navodky/813_Ventil_velky_fialovy_00813.pdf"", ""title"" : ""Návodka""}]",null,false
814,null,Others,44A z.,null,null,"[{""url"" : ""https://qjoovhagucdcaebgdmbx.supabase.co/storage/v1/object/public/mold-photos/navodky/814_Oil_Pan_Gitter_00814.pdf"", ""title"" : ""Návodka""}]",null,false
815,null,Witte,42C z.,null,null,"[{""url"" : ""https://qjoovhagucdcaebgdmbx.supabase.co/storage/v1/object/public/mold-photos/navodky/815_Ford_Cover_00815.pdf"", ""title"" : ""Návodka""}]",null,false
816,null,Škoda,50C b.,null,null,"[{""url"" : ""https://qjoovhagucdcaebgdmbx.supabase.co/storage/v1/object/public/mold-photos/navodky/816_00816_Krytka_00816.pdf"", ""title"" : ""Návodka""}]",null,false
817,null,Škoda,50C b.,null,null,"[{""url"" : ""https://qjoovhagucdcaebgdmbx.supabase.co/storage/v1/object/public/mold-photos/navodky/817_00817_Krytka_00817.pdf"", ""title"" : ""Návodka""}]",null,false
818,null,Škoda,50C b.,null,null,"[{""url"" : ""https://qjoovhagucdcaebgdmbx.supabase.co/storage/v1/object/public/mold-photos/navodky/818_00818_Krytka_00818.pdf"", ""title"" : ""Návodka""}]",null,false
819,null,Škoda,47C z.,null,null,"[{""url"" : ""https://qjoovhagucdcaebgdmbx.supabase.co/storage/v1/object/public/mold-photos/navodky/819_00819_Krytka_00819.pdf"", ""title"" : ""Návodka""}]",null,false
82,null,Ideal,44B m.,null,null,null,null,false
820,null,Škoda,49D m.,null,null,"[{""url"" : ""https://qjoovhagucdcaebgdmbx.supabase.co/storage/v1/object/public/mold-photos/navodky/820_00820_Nosic_L_R_00820.pdf"", ""title"" : ""Návodka""}]",null,false
821,null,Škoda,47C z.,null,null,"[{""url"" : ""https://qjoovhagucdcaebgdmbx.supabase.co/storage/v1/object/public/mold-photos/navodky/821_00821_Ovladaci_paka_L_R_00821.pdf"", ""title"" : ""Návodka""}]",null,false
822,null,Škoda,51A b.,null,null,"[{""url"" : ""https://qjoovhagucdcaebgdmbx.supabase.co/storage/v1/object/public/mold-photos/navodky/822_00822_Clamp_1_00822.pdf"", ""title"" : ""Návodka""}]",null,false
823,null,Škoda,50C c.,null,null,"[{""url"" : ""https://qjoovhagucdcaebgdmbx.supabase.co/storage/v1/object/public/mold-photos/navodky/823_00823_Clamp_2_00823.pdf"", ""title"" : ""Návodka""}]",null,false
824,null,Škoda,50B c.,null,null,"[{""url"" : ""https://qjoovhagucdcaebgdmbx.supabase.co/storage/v1/object/public/mold-photos/navodky/824_00824_ASSY_Cover_00824.pdf"", ""title"" : ""Návodka""}]",null,false
825,null,Škoda,50C c.,,,"[{""url"" : ""https://qjoovhagucdcaebgdmbx.supabase.co/storage/v1/object/public/mold-photos/navodky/825_00825_ASSY_Cover_00825.pdf"", ""title"" : ""Návodka""}]",null,false
826,null,Witte,42C z.,null,null,"[{""url"" : ""https://qjoovhagucdcaebgdmbx.supabase.co/storage/v1/object/public/mold-photos/navodky/826_00826_Magnetaufnahme.pdf"", ""title"" : ""Návodka""}]",null,false
828,null,Others,44B z.,null,null,"[{""url"" : ""https://qjoovhagucdcaebgdmbx.supabase.co/storage/v1/object/public/mold-photos/navodky/828_Service_Lid_00828.pdf"", ""title"" : ""Návodka""}]",null,false
829,null,Witte,43C h.,null,null,"[{""url"" : ""https://qjoovhagucdcaebgdmbx.supabase.co/storage/v1/object/public/mold-photos/navodky/829_Gehause_L_R_00829.pdf"", ""title"" : ""Návodka""}]",null,false
83,null,Ideal,45B c.,null,null,null,null,false
830,null,Witte,41C z.,null,null,"[{""url"" : ""https://qjoovhagucdcaebgdmbx.supabase.co/storage/v1/object/public/mold-photos/navodky/830_Abdeckung_L_R_00830.pdf"", ""title"" : ""Návodka""}]",null,false
831,null,Witte,41C z.,null,null,"[{""url"" : ""https://qjoovhagucdcaebgdmbx.supabase.co/storage/v1/object/public/mold-photos/navodky/831_Dummy_Schliesszylinder_GOB_L_R_00831.pdf"", ""title"" : ""Návodka""}]",null,false
832,null,Others,51D č.,,null,"[{""url"" : ""https://qjoovhagucdcaebgdmbx.supabase.co/storage/v1/object/public/mold-photos/navodky/832_00832_Estoutchen.pdf"", ""title"" : ""Návodka""}, {""url"" : ""https://qjoovhagucdcaebgdmbx.supabase.co/storage/v1/object/public/mold-photos/navodky/832_00832_Handle.pdf"", ""title"" : ""Navodka_alt""}]",null,false
833,null,Witte,44A h.,null,null,"[{""url"" : ""https://qjoovhagucdcaebgdmbx.supabase.co/storage/v1/object/public/mold-photos/navodky/833_00833_Rolle.pdf"", ""title"" : ""Návodka""}]",null,false
834,null,Witte,44C c.,null,null,"[{""url"" : ""https://qjoovhagucdcaebgdmbx.supabase.co/storage/v1/object/public/mold-photos/navodky/834_00834_Key_GOB.pdf"", ""title"" : ""Návodka""}]",null,false
835,null,Others,49D c.,null,null,"[{""url"" : ""https://qjoovhagucdcaebgdmbx.supabase.co/storage/v1/object/public/mold-photos/navodky/835_Zusatzteil_LL_00835.pdf"", ""title"" : ""Návodka""}]",null,false
836,null,Others,49E c.,null,null,"[{""url"" : ""https://qjoovhagucdcaebgdmbx.supabase.co/storage/v1/object/public/mold-photos/navodky/836_Zusatzteil_RL_00836.pdf"", ""title"" : ""Návodka""}]",null,false
837,null,Others,37B m.,null,null,"[{""url"" : ""https://qjoovhagucdcaebgdmbx.supabase.co/storage/v1/object/public/mold-photos/navodky/837_00837_LV-Lever_end_cap.pdf"", ""title"" : ""Návodka""}]",null,false
839,null,Others,45D č.,null,null,"[{""url"" : ""https://qjoovhagucdcaebgdmbx.supabase.co/storage/v1/object/public/mold-photos/navodky/839_00839_Arretierhebel_F.DV.pdf"", ""title"" : ""Návodka""}]",null,false
840,null,Others,47E z.,null,null,"[{""url"" : ""https://qjoovhagucdcaebgdmbx.supabase.co/storage/v1/object/public/mold-photos/navodky/840_00840_Lagerbock.pdf"", ""title"" : ""Návodka""}]",null,false
841,null,Others,45D č.,null,null,"[{""url"" : ""https://qjoovhagucdcaebgdmbx.supabase.co/storage/v1/object/public/mold-photos/navodky/841_00841_Rastelement_F.DV.pdf"", ""title"" : ""Návodka""}]",null,false
842,null,Others,45D č.,null,null,"[{""url"" : ""https://qjoovhagucdcaebgdmbx.supabase.co/storage/v1/object/public/mold-photos/navodky/842_00842_Hebel_F._LHF.pdf"", ""title"" : ""Návodka""}]",null,false
843,null,Others,47E z.,null,null,"[{""url"" : ""https://qjoovhagucdcaebgdmbx.supabase.co/storage/v1/object/public/mold-photos/navodky/843_00843_Rastelement.pdf"", ""title"" : ""Návodka""}]",null,false
844,null,Others,39A z.,,null,"[{""url"" : ""https://qjoovhagucdcaebgdmbx.supabase.co/storage/v1/object/public/mold-photos/navodky/844_00844_Guard_EZOX_assembly_Le_Re_black.pdf"", ""title"" : ""Černá""}, {""url"" : ""https://qjoovhagucdcaebgdmbx.supabase.co/storage/v1/object/public/mold-photos/navodky/844_00844_Guard_EZOX_assembly_Le_Re_blau.pdf"", ""title"" : ""Modrá""}, {""url"" : ""https://qjoovhagucdcaebgdmbx.supabase.co/storage/v1/object/public/mold-photos/navodky/844_00844_Guard_EZOX_assembly_Le_Re_green.pdf"", ""title"" : ""Zelená""}, {""url"" : ""https://qjoovhagucdcaebgdmbx.supabase.co/storage/v1/object/public/mold-photos/navodky/844_00844_Guard_EZOX_assembly_Le_Re_white.pdf"", ""title"" : ""Bílá""}]",null,false
845,null,Witte,41A z.,null,null,"[{""url"" : ""https://qjoovhagucdcaebgdmbx.supabase.co/storage/v1/object/public/mold-photos/navodky/845_00845_Lever.pdf"", ""title"" : ""Návodka""}]",null,false
846,null,Witte,43D b.,null,null,"[{""url"" : ""https://qjoovhagucdcaebgdmbx.supabase.co/storage/v1/object/public/mold-photos/navodky/846_00846_Cylinder.pdf"", ""title"" : ""Návodka""}]",null,false
847,null,Others,45D z.,null,null,"[{""url"" : ""https://qjoovhagucdcaebgdmbx.supabase.co/storage/v1/object/public/mold-photos/navodky/847_00847_Polsterblende_LHD.pdf"", ""title"" : ""Návodka""}]",null,false
848,null,Others,37A m.,null,null,"[{""url"" : ""https://qjoovhagucdcaebgdmbx.supabase.co/storage/v1/object/public/mold-photos/navodky/848_00848_Klin_12_mm.pdf"", ""title"" : ""Návodka""}, {""url"" : ""https://qjoovhagucdcaebgdmbx.supabase.co/storage/v1/object/public/mold-photos/navodky/848_00848_Klin_14_mm.pdf"", ""title"" : ""Navodka_alt""}]",null,false
849,null,Witte,41C m.,null,null,"[{""url"" : ""https://qjoovhagucdcaebgdmbx.supabase.co/storage/v1/object/public/mold-photos/navodky/849_00849_Sperrklinke_GOB_L_R.pdf"", ""title"" : ""Návodka""}]",null,false
850,null,Witte,44A č.,null,null,"[{""url"" : ""https://qjoovhagucdcaebgdmbx.supabase.co/storage/v1/object/public/mold-photos/navodky/850_00850_Duckbill_EPDM_Valve.pdf"", ""title"" : ""Návodka""}]",null,false
851,null,Others,44B z.,null,null,"[{""url"" : ""https://qjoovhagucdcaebgdmbx.supabase.co/storage/v1/object/public/mold-photos/navodky/851_00851_Cable_Cover_RS_LS.pdf"", ""title"" : ""Návodka""}]",null,false
853,null,Novares,36C c.,null,null,"[{""url"" : ""https://qjoovhagucdcaebgdmbx.supabase.co/storage/v1/object/public/mold-photos/navodky/853_00853_Foot_Finisher_LHD.pdf"", ""title"" : ""Návodka""}]",null,false
854,null,Others,45E z.,,null,"[{""url"" : ""https://qjoovhagucdcaebgdmbx.supabase.co/storage/v1/object/public/mold-photos/navodky/854_00854_Polsterblende_RHD.pdf"", ""title"" : ""Návodka""}]",null,false
857,null,Witte,41C c.,null,null,"[{""url"" : ""https://qjoovhagucdcaebgdmbx.supabase.co/storage/v1/object/public/mold-photos/navodky/857_00857_Haltering_-_Witol_411.pdf"", ""title"" : ""Návodka""}]",null,false
858,null,Novares,39A m.,null,null,"[{""url"" : ""https://qjoovhagucdcaebgdmbx.supabase.co/storage/v1/object/public/mold-photos/navodky/858_00858_Bedienknopf_ML_MR.pdf"", ""title"" : ""Návodka""}]",null,false
859,null,Novares,39A m.,null,null,"[{""url"" : ""https://qjoovhagucdcaebgdmbx.supabase.co/storage/v1/object/public/mold-photos/navodky/859_00859_Rear_Quarter_panel_cover_L_R.pdf"", ""title"" : ""Návodka""}]",null,false
860,null,Others,45E č.,null,null,"[{""url"" : ""https://qjoovhagucdcaebgdmbx.supabase.co/storage/v1/object/public/mold-photos/navodky/860_00860_Panel_LP_F._inlock.pdf"", ""title"" : ""Návodka""}]",null,false
861,null,Others,45E č.,null,null,"[{""url"" : ""https://qjoovhagucdcaebgdmbx.supabase.co/storage/v1/object/public/mold-photos/navodky/861_00861_Interlock.pdf"", ""title"" : ""Návodka""}]",null,false
862,null,Novares,39C z.,null,null,"[{""url"" : ""https://qjoovhagucdcaebgdmbx.supabase.co/storage/v1/object/public/mold-photos/navodky/862_00862_Warndreieck_L_R_W49747.pdf"", ""title"" : ""Návodka""}]",null,false
864,null,Witte,43D m.,null,,"[{""url"" : ""https://qjoovhagucdcaebgdmbx.supabase.co/storage/v1/object/public/mold-photos/navodky/864_00864_Buchse.pdf"", ""title"" : ""Návodka""}]",null,false
865,null,Witte,44C c.,null,null,"[{""url"" : ""https://qjoovhagucdcaebgdmbx.supabase.co/storage/v1/object/public/mold-photos/navodky/865_00865_Key_Assy.pdf"", ""title"" : ""Návodka""}, {""url"" : ""https://qjoovhagucdcaebgdmbx.supabase.co/storage/v1/object/public/mold-photos/navodky/865_00865_Key_Overmould_-_No_code.pdf"", ""title"" : ""Navodka_alt""}, {""url"" : ""https://qjoovhagucdcaebgdmbx.supabase.co/storage/v1/object/public/mold-photos/navodky/865_00865_Key_Overmould.pdf"", ""title"" : ""Návodka 3""}]",null,false
866,null,Witte,44C c.,null,null,"[{""url"" : ""https://qjoovhagucdcaebgdmbx.supabase.co/storage/v1/object/public/mold-photos/navodky/866_00866_Blockiernocken_GOB_Servo_.pdf"", ""title"" : ""Návodka""}]",null,false
867,null,Witte,42C b.,null,null,"[{""url"" : ""https://qjoovhagucdcaebgdmbx.supabase.co/storage/v1/object/public/mold-photos/navodky/867_00867_Indikator_Kappe.pdf"", ""title"" : ""Návodka""}]",null,false
869,null,Witte,41C z.,null,null,"[{""url"" : ""https://qjoovhagucdcaebgdmbx.supabase.co/storage/v1/object/public/mold-photos/navodky/869_00869_Clip.pdf"", ""title"" : ""Návodka""}]",null,false
870,null,Witte,44B c.,null,null,"[{""url"" : ""https://qjoovhagucdcaebgdmbx.supabase.co/storage/v1/object/public/mold-photos/navodky/870_00870_Gehause_L_R.pdf"", ""title"" : ""Návodka""}, {""url"" : ""https://qjoovhagucdcaebgdmbx.supabase.co/storage/v1/object/public/mold-photos/navodky/870_00870_Gehause_Links.pdf"", ""title"" : ""Navodka_alt""}]",null,false
871,null,Witte,44A h.,null,null,"[{""url"" : ""https://qjoovhagucdcaebgdmbx.supabase.co/storage/v1/object/public/mold-photos/navodky/871_00871_Abdeckkappe_L_R.pdf"", ""title"" : ""Návodka""}, {""url"" : ""https://qjoovhagucdcaebgdmbx.supabase.co/storage/v1/object/public/mold-photos/navodky/871_00871_Abdeckkappe_Rechts.pdf"", ""title"" : ""Navodka_alt""}]",null,false
874,null,Witte,43E m.,null,null,"[{""url"" : ""https://qjoovhagucdcaebgdmbx.supabase.co/storage/v1/object/public/mold-photos/navodky/874_00874_Unterlage_Vorne_LH_RH.pdf"", ""title"" : ""Návodka""}]",null,false
875,null,Witte,43E m.,null,null,"[{""url"" : ""https://qjoovhagucdcaebgdmbx.supabase.co/storage/v1/object/public/mold-photos/navodky/875_00875_Cushion_Rear_L_R.pdf"", ""title"" : ""Návodka""}]",null,false
876,null,Others,38A m.,null,null,"[{""url"" : ""https://qjoovhagucdcaebgdmbx.supabase.co/storage/v1/object/public/mold-photos/navodky/876_00876_Heather_violete_valve_cap.pdf"", ""title"" : ""Návodka""}]",null,false
877,null,Others,45D m.,null,null,"[{""url"" : ""https://qjoovhagucdcaebgdmbx.supabase.co/storage/v1/object/public/mold-photos/navodky/877_00877_Panel_f._cupholder.pdf"", ""title"" : ""Návodka""}]",null,false
878,null,Others,45D m.,null,null,"[{""url"" : ""https://qjoovhagucdcaebgdmbx.supabase.co/storage/v1/object/public/mold-photos/navodky/878_00878_Support_f._pan._Cupholder.pdf"", ""title"" : ""Návodka""}]",null,false
879,null,Others,47D z.,null,null,"[{""url"" : ""https://qjoovhagucdcaebgdmbx.supabase.co/storage/v1/object/public/mold-photos/navodky/879_00879_Shell_down_f.pan._RR.pdf"", ""title"" : ""Návodka""}]",null,false
880,null,Others,45D m.,null,null,"[{""url"" : ""https://qjoovhagucdcaebgdmbx.supabase.co/storage/v1/object/public/mold-photos/navodky/880_00880_Shell_Up_f.pan._RR.pdf"", ""title"" : ""Návodka""}]",null,false
881,null,Others,45D z.,null,null,"[{""url"" : ""https://qjoovhagucdcaebgdmbx.supabase.co/storage/v1/object/public/mold-photos/navodky/881_00881_Panel_f._Sto._RR.pdf"", ""title"" : ""Návodka""}]",null,false
882,null,Others,47D z.,null,null,"[{""url"" : ""https://qjoovhagucdcaebgdmbx.supabase.co/storage/v1/object/public/mold-photos/navodky/882_00882_Panel_f._coun_rear.pdf"", ""title"" : ""Návodka""}]",null,false
884,null,Novares,39C z.,null,null,"[{""url"" : ""https://qjoovhagucdcaebgdmbx.supabase.co/storage/v1/object/public/mold-photos/navodky/884_00884_12V_Cup_Taschenhacker_W9958.pdf"", ""title"" : ""Návodka""}]",null,false
886,null,Others,Mezisklad,null,null,"[{""url"" : ""https://qjoovhagucdcaebgdmbx.supabase.co/storage/v1/object/public/mold-photos/navodky/886_00886_Cover_sub_ASSY_L_R.pdf"", ""title"" : ""Návodka""}]",null,false
887,null,Others,Mezisklad,null,null,"[{""url"" : ""https://qjoovhagucdcaebgdmbx.supabase.co/storage/v1/object/public/mold-photos/navodky/887_00887_Haltering_Witol_411.pdf"", ""title"" : ""Návodka""}]",null,false
889,null,Novares,49E z.,null,null,"[{""url"" : ""https://qjoovhagucdcaebgdmbx.supabase.co/storage/v1/object/public/mold-photos/navodky/889_00889_Abstutzung_SVKL_L_R.pdf"", ""title"" : ""Návodka""}]",null,false
893,null,Novares,49C z.,null,null,"[{""url"" : ""https://qjoovhagucdcaebgdmbx.supabase.co/storage/v1/object/public/mold-photos/navodky/893_00893_Blende_Gurtschlitz.pdf"", ""title"" : ""Návodka""}]",null,false
894,null,Novares,39H z.,null,null,"[{""url"" : ""https://qjoovhagucdcaebgdmbx.supabase.co/storage/v1/object/public/mold-photos/navodky/894_00894_Abdeckleiste_Vorn_SA_MSP.pdf"", ""title"" : ""Návodka""}]",null,false
895,null,Novares,39H z.,null,null,"[{""url"" : ""https://qjoovhagucdcaebgdmbx.supabase.co/storage/v1/object/public/mold-photos/navodky/895_00895_Abdeckleiste_Einstieg_Vorn.pdf"", ""title"" : ""Návodka""}]",null,false
897,null,Witte,42C b.,null,null,"[{""url"" : ""https://qjoovhagucdcaebgdmbx.supabase.co/storage/v1/object/public/mold-photos/navodky/897_00897_Abdeckkape_PCB.pdf"", ""title"" : ""Návodka""}]",null,false
898,null,Others,50C z.,null,null,"[{""url"" : ""https://qjoovhagucdcaebgdmbx.supabase.co/storage/v1/object/public/mold-photos/navodky/898_00898_Open_Endcap.pdf"", ""title"" : ""Návodka""}]",null,false
899,null,Others,36C b.,null,null,"[{""url"" : ""https://qjoovhagucdcaebgdmbx.supabase.co/storage/v1/object/public/mold-photos/navodky/899_00899_Endcap_Open.pdf"", ""title"" : ""Návodka""}]",null,false
900,null,Others,40C z.,null,null,"[{""url"" : ""https://qjoovhagucdcaebgdmbx.supabase.co/storage/v1/object/public/mold-photos/navodky/900_00900_Housing.pdf"", ""title"" : ""Návodka""}]",null,false
901,null,Others,36C b.,null,null,"[{""url"" : ""https://qjoovhagucdcaebgdmbx.supabase.co/storage/v1/object/public/mold-photos/navodky/901_00901_Endcap_Open.pdf"", ""title"" : ""Návodka""}]",null,false
902,null,Others,40C z.,null,null,"[{""url"" : ""https://qjoovhagucdcaebgdmbx.supabase.co/storage/v1/object/public/mold-photos/navodky/902_00902_Liner_Inner.pdf"", ""title"" : ""Návodka""}]",null,false
903,null,Witte,43D z.,null,null,"[{""url"" : ""https://qjoovhagucdcaebgdmbx.supabase.co/storage/v1/object/public/mold-photos/navodky/903_00903_Lateral_inspection_hatch.pdf"", ""title"" : ""Návodka""}]",null,false
904,null,Witte,43D z.,null,null,"[{""url"" : ""https://qjoovhagucdcaebgdmbx.supabase.co/storage/v1/object/public/mold-photos/navodky/904_00904_Central_inspection_hatch.pdf"", ""title"" : ""Návodka""}]",null,false
905,null,Witte,43E č.,null,null,"[{""url"" : ""https://qjoovhagucdcaebgdmbx.supabase.co/storage/v1/object/public/mold-photos/navodky/905_00905_Housing_STD_00906_Softtouch_KD.pdf"", ""title"" : ""Návodka""}]",null,false
906,null,Witte,43E č.,null,null,null,null,false
907,null,Witte,43E c.,null,null,"[{""url"" : ""https://qjoovhagucdcaebgdmbx.supabase.co/storage/v1/object/public/mold-photos/navodky/907_00907_Hebel.pdf"", ""title"" : ""Návodka""}]",null,false
908,null,Witte,43D č.,null,null,"[{""url"" : ""https://qjoovhagucdcaebgdmbx.supabase.co/storage/v1/object/public/mold-photos/navodky/908_00908_Clip.pdf"", ""title"" : ""Návodka""}]",null,false
909,null,Witte,42A z.,null,null,"[{""url"" : ""https://qjoovhagucdcaebgdmbx.supabase.co/storage/v1/object/public/mold-photos/navodky/909_00909_Magnetaufnahme.pdf"", ""title"" : ""Návodka""}]",null,false
914,null,Others,37A m.,,null,"[{""url"" : ""https://qjoovhagucdcaebgdmbx.supabase.co/storage/v1/object/public/mold-photos/navodky/914_00914_Spacer.pdf"", ""title"" : ""Návodka""}]",null,false
915,null,Scherdel,38C b.,null,null,"[{""url"" : ""https://qjoovhagucdcaebgdmbx.supabase.co/storage/v1/object/public/mold-photos/navodky/915_Ventil_velky_modry_8x_vakuum_00915.pdf"", ""title"" : ""Modrá""}, {""url"" : ""https://qjoovhagucdcaebgdmbx.supabase.co/storage/v1/object/public/mold-photos/navodky/915_Ventil_velky_cerny_8x_vakuum_00915.pdf"", ""title"" : ""Černá""}, {""url"" : ""https://qjoovhagucdcaebgdmbx.supabase.co/storage/v1/object/public/mold-photos/navodky/915_Ventil_velky_cerveny_8x_vakuum_00915.pdf"", ""title"" : ""Červená""}]",null,false
916,null,Novares,36C m.,null,null,"[{""url"" : ""https://qjoovhagucdcaebgdmbx.supabase.co/storage/v1/object/public/mold-photos/navodky/916_00916_Joint_G_D.pdf"", ""title"" : ""Návodka""}]",null,false
917,null,Novares,36C m.,null,null,"[{""url"" : ""https://qjoovhagucdcaebgdmbx.supabase.co/storage/v1/object/public/mold-photos/navodky/917_00917_Joint_G_D_obstrik_.pdf"", ""title"" : ""Návodka""}]",null,false
918,null,Witte,41B z.,null,null,"[{""url"" : ""https://qjoovhagucdcaebgdmbx.supabase.co/storage/v1/object/public/mold-photos/navodky/918_00918_Grundplatte.pdf"", ""title"" : ""Zelená""}]",null,false
919,null,Witte,43D h.,null,null,"[{""url"" : ""https://qjoovhagucdcaebgdmbx.supabase.co/storage/v1/object/public/mold-photos/navodky/919_00919_Drehfalle_GOB.pdf"", ""title"" : ""Návodka""}]",null,false
921,null,Witte,43D m.,null,null,"[{""url"" : ""https://qjoovhagucdcaebgdmbx.supabase.co/storage/v1/object/public/mold-photos/navodky/921_00921_Niethuelse_1_BG.pdf"", ""title"" : ""Návodka""}]",null,false
922,null,Others,50C z.,null,null,"[{""url"" : ""https://qjoovhagucdcaebgdmbx.supabase.co/storage/v1/object/public/mold-photos/navodky/922_00922_Bottom_Endcap_P583747.pdf"", ""title"" : ""Návodka""}, {""url"" : ""https://qjoovhagucdcaebgdmbx.supabase.co/storage/v1/object/public/mold-photos/navodky/922_00922_Bottom_Endcap_P584631.pdf"", ""title"" : ""Navodka_alt""}]",null,false
923,null,Witte,36A z.,null,null,"[{""url"" : ""https://qjoovhagucdcaebgdmbx.supabase.co/storage/v1/object/public/mold-photos/navodky/923_00923_Hexagonal_Shaft.pdf"", ""title"" : ""Návodka""}]",null,false
924,null,Witte,43D z.,null,null,"[{""url"" : ""https://qjoovhagucdcaebgdmbx.supabase.co/storage/v1/object/public/mold-photos/navodky/924_00924_Aktuator_Cover_LH_RH.pdf"", ""title"" : ""Návodka""}]",null,false
926,null,Others,45E z.,null,null,"[{""url"" : ""https://qjoovhagucdcaebgdmbx.supabase.co/storage/v1/object/public/mold-photos/navodky/926_00926_Cover_Middle_High.pdf"", ""title"" : ""Návodka""}]",null,false
927,null,Witte,43D m.,null,null,"[{""url"" : ""https://qjoovhagucdcaebgdmbx.supabase.co/storage/v1/object/public/mold-photos/navodky/927_00927_Drehfalle_GOB_druhy_obstrik.pdf"", ""title"" : ""Návodka""}]",null,false
928,null,Witte,42A b.,null,null,"[{""url"" : ""https://qjoovhagucdcaebgdmbx.supabase.co/storage/v1/object/public/mold-photos/navodky/928_00928_Drehfalle_GOB_prvni_obstrik.pdf"", ""title"" : ""Návodka""}]",null,false
929,null,Witte,47D m.,null,null,"[{""url"" : ""https://qjoovhagucdcaebgdmbx.supabase.co/storage/v1/object/public/mold-photos/navodky/929_00929_Drehfalle_GOB.pdf"", ""title"" : ""Návodka""}]",null,false
930,null,Witte,47D m.,null,null,"[{""url"" : ""https://qjoovhagucdcaebgdmbx.supabase.co/storage/v1/object/public/mold-photos/navodky/930_00930_Sperrklinke_GOB.pdf"", ""title"" : ""Návodka""}]",null,false
931,null,Witte,47D m.,null,null,"[{""url"" : ""https://qjoovhagucdcaebgdmbx.supabase.co/storage/v1/object/public/mold-photos/navodky/931_00931_C-Clip_L_R.pdf"", ""title"" : ""Návodka""}]",null,false
932,null,Others,47E m.,null,null,"[{""url"" : ""https://qjoovhagucdcaebgdmbx.supabase.co/storage/v1/object/public/mold-photos/navodky/932_00932_Odpadkovy_kos-pevny_dil.pdf"", ""title"" : ""Návodka""}]",null,false
933,null,Witte,42C h.,null,null,"[{""url"" : ""https://qjoovhagucdcaebgdmbx.supabase.co/storage/v1/object/public/mold-photos/navodky/933_00933_Griff.pdf"", ""title"" : ""Návodka""}]",null,false
934,null,Witte,42C h.,null,null,"[{""url"" : ""https://qjoovhagucdcaebgdmbx.supabase.co/storage/v1/object/public/mold-photos/navodky/934_00934_Holder.pdf"", ""title"" : ""Návodka""}]",null,false
935,null,Witte,41A z.,null,null,"[{""url"" : ""https://qjoovhagucdcaebgdmbx.supabase.co/storage/v1/object/public/mold-photos/navodky/935_00935_Housing.pdf"", ""title"" : ""Návodka""}]",null,false
936,null,Witte,41C h.,null,null,"[{""url"" : ""https://qjoovhagucdcaebgdmbx.supabase.co/storage/v1/object/public/mold-photos/navodky/936_00936_Cover.pdf"", ""title"" : ""Návodka""}]",null,false
937,null,Witte,41B z.,null,null,"[{""url"" : ""https://qjoovhagucdcaebgdmbx.supabase.co/storage/v1/object/public/mold-photos/navodky/937_00937_Cover.pdf"", ""title"" : ""Návodka""}]",null,false
938,null,Witte,47D č.,null,null,"[{""url"" : ""https://qjoovhagucdcaebgdmbx.supabase.co/storage/v1/object/public/mold-photos/navodky/938_00938_Housing.pdf"", ""title"" : ""Návodka""}]",null,false
939,null,Witte,47D č.,null,null,null,null,false
940,null,Witte,43D h.,null,null,"[{""url"" : ""https://qjoovhagucdcaebgdmbx.supabase.co/storage/v1/object/public/mold-photos/navodky/940_00940_Cradle_Buffer.pdf"", ""title"" : ""Návodka""}]",null,false
941,null,Novares,40C č.,null,null,"[{""url"" : ""https://qjoovhagucdcaebgdmbx.supabase.co/storage/v1/object/public/mold-photos/navodky/941_00941_Forma_21-32.pdf"", ""title"" : ""Návodka""}]",null,false
942,null,Novares,36C m.,null,null,"[{""url"" : ""https://qjoovhagucdcaebgdmbx.supabase.co/storage/v1/object/public/mold-photos/navodky/942_00942_V-Vanes_LH_RH_V-Vanes_Center_L_R.pdf"", ""title"" : ""Návodka""}]",null,false
944,null,Novares,40C č.,null,null,"[{""url"" : ""https://qjoovhagucdcaebgdmbx.supabase.co/storage/v1/object/public/mold-photos/navodky/944_00944_Forma_21-22.pdf"", ""title"" : ""Návodka""}]",null,false
945,null,Novares,40C m.,null,null,"[{""url"" : ""https://qjoovhagucdcaebgdmbx.supabase.co/storage/v1/object/public/mold-photos/navodky/945_00945_V-Vane_Link_Fork.pdf"", ""title"" : ""Návodka""}]",null,false
946,null,Novares,40C m.,null,null,"[{""url"" : ""https://qjoovhagucdcaebgdmbx.supabase.co/storage/v1/object/public/mold-photos/navodky/946_00946_Forma_21-23.pdf"", ""title"" : ""Návodka""}]",null,false
947,null,Novares,40C m.,null,null,"[{""url"" : ""https://qjoovhagucdcaebgdmbx.supabase.co/storage/v1/object/public/mold-photos/navodky/947_00947_Forma_21-33.pdf"", ""title"" : ""Návodka""}]",null,false
948,null,Škoda,47G h.,null,null,"[{""url"" : ""https://qjoovhagucdcaebgdmbx.supabase.co/storage/v1/object/public/mold-photos/navodky/948_00948_Cover_546_.pdf"", ""title"" : ""Návodka""}]",null,false
949,null,Others,45E b.,null,null,"[{""url"" : ""https://qjoovhagucdcaebgdmbx.supabase.co/storage/v1/object/public/mold-photos/navodky/949_00949_Panel_F._Sto._Armr..pdf"", ""title"" : ""Návodka""}]",null,false
950,null,Others,45E c.,null,null,"[{""url"" : ""https://qjoovhagucdcaebgdmbx.supabase.co/storage/v1/object/public/mold-photos/navodky/950_00950_Panel_Sto._Fr._Up.pdf"", ""title"" : ""Návodka""}]",null,false
951,null,Witte,42B b.,null,null,"[{""url"" : ""https://qjoovhagucdcaebgdmbx.supabase.co/storage/v1/object/public/mold-photos/navodky/951_00951_Rotary_Latch.pdf"", ""title"" : ""Návodka""}]",null,false
952,null,Witte,42B b.,null,null,"[{""url"" : ""https://qjoovhagucdcaebgdmbx.supabase.co/storage/v1/object/public/mold-photos/navodky/952_00952_Pawl_Overmolded.pdf"", ""title"" : ""Návodka""}]",null,false
953,null,Witte,36B m.,null,null,null,null,false
954,null,Witte,36B m.,null,null,null,null,false
955,null,Witte,36B m.,null,null,"[{""url"" : ""https://qjoovhagucdcaebgdmbx.supabase.co/storage/v1/object/public/mold-photos/navodky/955_00955_Gehause_Hinten_LH_RH.pdf"", ""title"" : ""Návodka""}]",null,false
956,null,Others,45F c.,null,null,"[{""url"" : ""https://qjoovhagucdcaebgdmbx.supabase.co/storage/v1/object/public/mold-photos/navodky/956_00956_Threaded_Ring.pdf"", ""title"" : ""Návodka""}]",null,false
957,null,Others,45G c.,null,null,"[{""url"" : ""https://qjoovhagucdcaebgdmbx.supabase.co/storage/v1/object/public/mold-photos/navodky/957_00957_Threaded_Ring.pdf"", ""title"" : ""Návodka""}]",null,false
958,null,Witte,51D z.,null,null,"[{""url"" : ""https://qjoovhagucdcaebgdmbx.supabase.co/storage/v1/object/public/mold-photos/navodky/958_00958_Bowl_Adaptor.pdf"", ""title"" : ""Návodka""}]",null,false
959,null,Novares,40C z.,null,null,"[{""url"" : ""https://qjoovhagucdcaebgdmbx.supabase.co/storage/v1/object/public/mold-photos/navodky/959_00959_W23824_Bedienknopf_MiKo_vorn.pdf"", ""title"" : ""Návodka""}]",null,false
960,null,Novares,40C z.,null,null,"[{""url"" : ""https://qjoovhagucdcaebgdmbx.supabase.co/storage/v1/object/public/mold-photos/navodky/960_00960_W23818_Bedienknopf_I-TA_vorn.pdf"", ""title"" : ""Návodka""}]",null,false
961,null,Škoda,48A c.,null,null,"[{""url"" : ""https://qjoovhagucdcaebgdmbx.supabase.co/storage/v1/object/public/mold-photos/navodky/961_00961_Schwenkhebel_FSL_FSR_BFSL_BFSR.pdf"", ""title"" : ""Návodka""}]",null,false
962,null,Škoda,48A č.,null,null,"[{""url"" : ""https://qjoovhagucdcaebgdmbx.supabase.co/storage/v1/object/public/mold-photos/navodky/962_00962_Vedeni_L_R.pdf"", ""title"" : ""Návodka""}]",null,false
963,null,Škoda,48A č.,null,null,"[{""url"" : ""https://qjoovhagucdcaebgdmbx.supabase.co/storage/v1/object/public/mold-photos/navodky/963_00963_Nosic_motoru.pdf"", ""title"" : ""Návodka""}]",null,false
964,null,Škoda,51B m.,null,null,"[{""url"" : ""https://qjoovhagucdcaebgdmbx.supabase.co/storage/v1/object/public/mold-photos/navodky/964_00964_Cover_NTW_ND.pdf"", ""title"" : ""Návodka""}]",null,false
965,null,Škoda,51C m.,null,null,"[{""url"" : ""https://qjoovhagucdcaebgdmbx.supabase.co/storage/v1/object/public/mold-photos/navodky/965_00965_Cover_NTW_PGD.pdf"", ""title"" : ""Návodka""}]",null,false
966,null,Škoda,51A m.,null,null,"[{""url"" : ""https://qjoovhagucdcaebgdmbx.supabase.co/storage/v1/object/public/mold-photos/navodky/966_00966_Klammer_ND.pdf"", ""title"" : ""Návodka""}]",null,false
967,null,Škoda,51A m.,null,null,"[{""url"" : ""https://qjoovhagucdcaebgdmbx.supabase.co/storage/v1/object/public/mold-photos/navodky/967_00967_Klammer_PGD.pdf"", ""title"" : ""Návodka""}]",null,false
968,null,Witte,43B m.,null,null,"[{""url"" : ""https://qjoovhagucdcaebgdmbx.supabase.co/storage/v1/object/public/mold-photos/navodky/968_00968_Anlenkhebel_RK_GOB.pdf"", ""title"" : ""Návodka""}]",null,false
969,null,Škoda,49D z.,null,null,"[{""url"" : ""https://qjoovhagucdcaebgdmbx.supabase.co/storage/v1/object/public/mold-photos/navodky/969_00969_Klappe_540_.pdf"", ""title"" : ""Návodka""}]",null,false
970,null,Witte,Mezisklad,null,null,"[{""url"" : ""https://qjoovhagucdcaebgdmbx.supabase.co/storage/v1/object/public/mold-photos/navodky/970_00970_Steckdeckel_538_.pdf"", ""title"" : ""Návodka""}]",null,false
971,null,Witte,Mezisklad,null,null,"[{""url"" : ""https://qjoovhagucdcaebgdmbx.supabase.co/storage/v1/object/public/mold-photos/navodky/971_00971_Steckdeckel_539_.pdf"", ""title"" : ""Návodka""}]",null,false
972,null,Witte,Mezisklad,null,null,"[{""url"" : ""https://qjoovhagucdcaebgdmbx.supabase.co/storage/v1/object/public/mold-photos/navodky/972_00972_Steckdeckel_541_.pdf"", ""title"" : ""Návodka""}]",null,false
973,null,Witte,Mezisklad,null,null,"[{""url"" : ""https://qjoovhagucdcaebgdmbx.supabase.co/storage/v1/object/public/mold-photos/navodky/973_00973_Steckdeckel_542_.pdf"", ""title"" : ""Návodka""}]",null,false
974,null,Witte,Mezisklad,null,null,"[{""url"" : ""https://qjoovhagucdcaebgdmbx.supabase.co/storage/v1/object/public/mold-photos/navodky/974_00974_Steckdeckel_536_.pdf"", ""title"" : ""Návodka""}]",null,false
975,null,Witte,Mezisklad,null,null,"[{""url"" : ""https://qjoovhagucdcaebgdmbx.supabase.co/storage/v1/object/public/mold-photos/navodky/975_00975_Steckdeckel_764_.pdf"", ""title"" : ""Návodka""}]",null,false
976,null,Witte,Mezisklad,null,null,"[{""url"" : ""https://qjoovhagucdcaebgdmbx.supabase.co/storage/v1/object/public/mold-photos/navodky/976_00976_Steckdeckel_765_.pdf"", ""title"" : ""Návodka""}]",null,false
977,null,Witte,36A c.,null,null,"[{""url"" : ""https://qjoovhagucdcaebgdmbx.supabase.co/storage/v1/object/public/mold-photos/navodky/977_00977_Schluesselgehaeuse_GOB_Brasil_.pdf"", ""title"" : ""Návodka""}, {""url"" : ""https://qjoovhagucdcaebgdmbx.supabase.co/storage/v1/object/public/mold-photos/navodky/977_00977_Schluesselgehaeuse_GOB.pdf"", ""title"" : ""Navodka_alt""}]",null,false
978,null,Witte,36A c.,null,null,"[{""url"" : ""https://qjoovhagucdcaebgdmbx.supabase.co/storage/v1/object/public/mold-photos/navodky/978_00978_Gleitschuh.pdf"", ""title"" : ""Návodka""}]",null,false
979,null,Witte,43E h.,null,null,"[{""url"" : ""https://qjoovhagucdcaebgdmbx.supabase.co/storage/v1/object/public/mold-photos/navodky/979_00979_Einstellhuelse.pdf"", ""title"" : ""Návodka""}]",null,false
981,null,Witte,36A c.,null,null,"[{""url"" : ""https://qjoovhagucdcaebgdmbx.supabase.co/storage/v1/object/public/mold-photos/navodky/981_00981_Deckel.pdf"", ""title"" : ""Návodka""}]",null,false
982,null,Witte,47E č.,null,null,"[{""url"" : ""https://qjoovhagucdcaebgdmbx.supabase.co/storage/v1/object/public/mold-photos/navodky/982_00982_Dichtung.pdf"", ""title"" : ""Návodka""}]",null,false
983,null,Witte,36B b.,null,null,null,null,false
984,null,Witte,43E h.,null,null,"[{""url"" : ""https://qjoovhagucdcaebgdmbx.supabase.co/storage/v1/object/public/mold-photos/navodky/984_00984_Abdeckkappe.pdf"", ""title"" : ""Návodka""}]",null,false
985,null,Witte,43E h.,null,null,"[{""url"" : ""https://qjoovhagucdcaebgdmbx.supabase.co/storage/v1/object/public/mold-photos/navodky/985_00985_Schluesselgehaeuse_GOB_Superbundle_.pdf"", ""title"" : ""Návodka""}]",null,false
986,null,Witte,36B b.,null,null,"[{""url"" : ""https://qjoovhagucdcaebgdmbx.supabase.co/storage/v1/object/public/mold-photos/navodky/986_00986_Zachytny_hak_GOB.pdf"", ""title"" : ""Návodka""}]",null,false
987,null,Witte,36A c.,null,null,"[{""url"" : ""https://qjoovhagucdcaebgdmbx.supabase.co/storage/v1/object/public/mold-photos/navodky/987_00987_Anschlag.pdf"", ""title"" : ""Návodka""}]",null,false
988,null,Witte,47E č.,null,null,"[{""url"" : ""https://qjoovhagucdcaebgdmbx.supabase.co/storage/v1/object/public/mold-photos/navodky/988_00988_Liner.pdf"", ""title"" : ""Návodka""}]",null,false
989,null,Witte,36B b.,null,null,"[{""url"" : ""https://qjoovhagucdcaebgdmbx.supabase.co/storage/v1/object/public/mold-photos/navodky/989_00989_Montagehilfe.pdf"", ""title"" : ""Návodka""}]",null,false
990,null,Witte,47E č.,null,null,"[{""url"" : ""https://qjoovhagucdcaebgdmbx.supabase.co/storage/v1/object/public/mold-photos/navodky/990_00990_Umlenkhebel_L_R.pdf"", ""title"" : ""Návodka""}]",null,false
991,null,Witte,36A c.,null,null,"[{""url"" : ""https://qjoovhagucdcaebgdmbx.supabase.co/storage/v1/object/public/mold-photos/navodky/991_00991_Aussengriff.pdf"", ""title"" : ""Návodka""}]",null,false
992,null,Witte,36B b.,null,null,null,null,false
993,null,Witte,36A m.,null,null,"[{""url"" : ""https://qjoovhagucdcaebgdmbx.supabase.co/storage/v1/object/public/mold-photos/navodky/993_00993_Pop_Up_Lever_GOB.pdf"", ""title"" : ""Návodka""}]",null,false
994,null,Witte,36B m.,null,null,"[{""url"" : ""https://qjoovhagucdcaebgdmbx.supabase.co/storage/v1/object/public/mold-photos/navodky/994_00994_Button_KD.pdf"", ""title"" : ""Návodka""}]",null,false
995,null,Witte,36B m.,null,null,"[{""url"" : ""https://qjoovhagucdcaebgdmbx.supabase.co/storage/v1/object/public/mold-photos/navodky/995_00995_Gehause_L_R.pdf"", ""title"" : ""Návodka""}]",null,false
996,null,Witte,36A č.,null,null,"[{""url"" : ""https://qjoovhagucdcaebgdmbx.supabase.co/storage/v1/object/public/mold-photos/navodky/996_00996_Plug.pdf"", ""title"" : ""Návodka""}]",null,false
997,null,Witte,36B c.,null,null,"[{""url"" : ""https://qjoovhagucdcaebgdmbx.supabase.co/storage/v1/object/public/mold-photos/navodky/997_00997_Washer_Front_L_R.pdf"", ""title"" : ""Návodka""}]",null,false
998,null,Witte,36B c.,null,null,"[{""url"" : ""https://qjoovhagucdcaebgdmbx.supabase.co/storage/v1/object/public/mold-photos/navodky/998_00998_Washer_Rear_L_R.pdf"", ""title"" : ""Návodka""}]",null,false
999,null,Witte,36C č.,null,null,"[{""url"" : ""https://qjoovhagucdcaebgdmbx.supabase.co/storage/v1/object/public/mold-photos/navodky/999_00999_Washer_Rear_L_R.pdf"", ""title"" : ""Návodka""}]",null,false